epoch,lr,train_loss,train_action_mse_norm,val_loss,val_action_mse_norm,val_start_loss,val_start_action_mse_norm,val_roll_loss,val_roll_action_mse_norm,val_evt_tail_loss,val_evt_tail_action_mse_norm,active_closed_loop_chunks,train_state_consistency_m2,train_teacher_action_mse_norm,train_selected_xi_mean,train_mixture_nll,train_energy_score,train_diversity_penalty,train_smoothness_penalty,train_map_action_mse_norm,train_probability_entropy_penalty,train_candidate_entropy,train_responsibility_entropy,train_effective_candidates,train_probability_responsibility_l1,train_pairwise_trajectory_distance_norm,train_physics_action_mse_norm,val_mixture_nll,val_energy_score,val_diversity_penalty,val_smoothness_penalty,val_map_action_mse_norm,val_probability_entropy_penalty,val_candidate_entropy,val_responsibility_entropy,val_effective_candidates,val_probability_responsibility_l1,val_pairwise_trajectory_distance_norm,val_physics_action_mse_norm,val_start_mixture_nll,val_start_energy_score,val_start_diversity_penalty,val_start_smoothness_penalty,val_start_map_action_mse_norm,val_start_probability_entropy_penalty,val_start_candidate_entropy,val_start_responsibility_entropy,val_start_effective_candidates,val_start_probability_responsibility_l1,val_start_pairwise_trajectory_distance_norm,val_start_physics_action_mse_norm,val_roll_mixture_nll,val_roll_energy_score,val_roll_diversity_penalty,val_roll_smoothness_penalty,val_roll_map_action_mse_norm,val_roll_probability_entropy_penalty,val_roll_candidate_entropy,val_roll_responsibility_entropy,val_roll_effective_candidates,val_roll_probability_responsibility_l1,val_roll_pairwise_trajectory_distance_norm,val_roll_physics_action_mse_norm,val_evt_tail_mixture_nll,val_evt_tail_energy_score,val_evt_tail_diversity_penalty,val_evt_tail_smoothness_penalty,val_evt_tail_map_action_mse_norm,val_evt_tail_probability_entropy_penalty,val_evt_tail_candidate_entropy,val_evt_tail_responsibility_entropy,val_evt_tail_effective_candidates,val_evt_tail_probability_responsibility_l1,val_evt_tail_pairwise_trajectory_distance_norm,val_evt_tail_physics_action_mse_norm
1,4.999537377156956e-05,1.760125486532173,0.3715991412233937,1.9433302707495204,0.6203169287998944,0.3357014504112681,0.15048844606776188,2.0251369218346595,0.6438083467126213,2.158885997210522,0.7455167116972717,1,0.0,0.0,4.1887235154036855,0.7283230347663464,0.3830178703790813,5.463663239477749e-07,0.2542331084276819,1.1233114550159655,0.0,2.0077100305411255,1.7907542791222018,6.1171164416923185,0.03619196945164048,1.2984861354154884,0.29073432985559206,1.7966434749040812,0.5660883640963555,1.3276142839917333e-06,0.18772477800041829,1.7655378964666164,0.0,2.043573365209278,1.129777039241286,3.223162254755722,0.1321360478348213,1.9743462630600725,0.27829720777066547,0.22059279382784058,0.18688659283518175,2.6577025874304066e-05,0.09572457557101102,0.21418940510791273,0.0,1.929492833154884,1.910812306409049,6.760560604791122,0.004823755833070284,0.3478053276199802,0.22456243103321874,1.8767581757983913,0.5859097291855209,5.071736059885457e-08,0.1926389168471536,1.8441150915338937,0.0,2.0492774068847797,1.0907252906474778,3.0462923705910976,0.13850166374952053,2.0556733050649396,0.28118652296841107,1.9298515261514395,0.6789205748303265,2.6067203199879586e-06,0.18531003235964583,2.266236871922553,0.0,2.0430689879483137,1.1518873282944173,3.274978700326923,0.13069309747196792,2.0232532999701096,0.4407841250452613
2,4.998149686977735e-05,0.7022385066764922,0.1690915175564718,1.8920912128335157,0.5676681777191057,nan,nan,nan,nan,nan,nan,1,0.0,0.0,3.717671745899604,0.23541698002597183,0.21146702577025428,6.76959697559279e-05,0.08531529061607017,0.23351904583434002,0.0,1.91512508129329,1.9072382358667366,6.736319726729141,0.004274586918817704,0.24603393590117917,0.2254621275873934,1.731847059603923,0.5553227535374087,5.2181629891999095e-05,0.1555035682703935,1.2291712176971212,0.0,2.0328735270484533,1.1149789922406672,3.183155467368725,0.13119323848876072,1.8462622965583417,0.30626656219178583,,,,,,,,,,,,,,,,,,,,,,,,,,,,,,,,,,,,
3,4.9958374644433185e-05,0.6182948688175051,0.15763396179635525,1.8747855303731695,0.5597892348518934,nan,nan,nan,nan,nan,nan,1,0.0,0.0,6.566409605913069,0.2080163837801706,0.19426182027324576,0.0006230474420602437,0.06449223344434502,0.20279963535907364,0.0,1.8880958415799882,1.8834560579500959,6.578167653588955,0.0030225994238016456,0.18763915425362065,0.19702471657886483,1.711210237764748,0.5635422858544117,0.0001769653378318577,0.14421873061774174,1.1694013984990312,0.0,2.0252561678991086,1.1108488709042668,3.1664143915830936,0.12969767704046883,1.8237067057717877,0.3129776707254971,,,,,,,,,,,,,,,,,,,,,,,,,,,,,,,,,,,,
4,4.9926016009595074e-05,0.5584863998842152,0.14405975598104817,1.8989374176037461,0.5714817811206141,nan,nan,nan,nan,nan,nan,1,0.0,0.0,6.771521918182138,0.18606032648066748,0.17597938949373856,0.001745946730161655,0.05412860741425377,0.18182097261889033,0.0,1.8564676276635386,1.8527905778106448,6.380313212745126,0.0024058300173031887,0.16375148811127907,0.18158899200426712,1.7205761919557332,0.5995790452002125,0.0003790664044104746,0.1341546264483546,1.1512056078951107,0.0,2.013705998154394,1.1027101607002188,3.137811511463285,0.12787398256238766,1.7756425964924076,0.342009866637625,,,,,,,,,,,,,,,,,,,,,,,,,,,,,,,,,,,,
5,4.988443344013272e-05,0.49651080238541845,0.12791941058420606,1.9215751455857886,0.586800088381972,0.19666232857810761,0.10105373833742579,2.00919877124953,0.6110873782449666,2.11545775930001,0.7173563954538964,1,0.0,0.0,6.943174876573821,0.16412802633731363,0.15681962761144838,0.004128554203286116,0.04427766778294327,0.16022894304131025,0.0,1.7954262054894397,1.792303154946733,6.008857777371936,0.0019186029772598847,0.1445368508314572,0.16381995101910848,1.7271547926280573,0.6389041149868053,0.0006525284191828307,0.12930924297701013,1.3172462184470695,0.0,1.9959148432412703,1.0784267022748812,3.0511203783231577,0.12729006688920494,1.7498874156154587,0.37341117830021786,0.12679461679505996,0.12273167821406529,0.013550066888136501,0.03719970818552707,0.12410839287557604,0.0,1.7526599365049602,1.7507324776622826,5.763266730856338,0.0010973988539558362,0.11615735261558968,0.13518178629421146,1.8084693152977058,0.6655421852843407,1.628670676242575e-07,0.13410155749757746,1.382002036482176,0.0,2.008077610616382,1.0448114640558266,2.9155133003024822,0.13359969665534846,1.8315739068025587,0.3854660183797093,1.8423239206550894,0.7275562537023446,0.0006484508798383321,0.12671518586270503,1.4578780799336681,0.0,1.9953476985124114,1.1172143401661943,3.1589227622746563,0.12449436508941232,1.7838396648077155,0.5291173553238703
6,4.983364296691823e-05,0.45265313493378295,0.1168651744228167,1.9440569104723513,0.5989932180804638,nan,nan,nan,nan,nan,nan,1,0.0,0.0,6.974712909480195,0.15041347788735626,0.14455560515840493,0.006179799609635205,0.03834052616336588,0.1474006260545568,0.0,1.7226659089647989,1.7198835060804036,5.589932862080303,0.0016543943864180237,0.13496428144659645,0.14755027373773932,1.7417124724635116,0.6586666632692225,0.0007290513416339356,0.1300704381970675,2.1682923212832654,0.0,1.9853846935705064,1.0700130558323186,3.0161364736700924,0.12713301161077203,1.7357753496212533,0.38884122875467403,,,,,,,,,,,,,,,,,,,,,,,,,,,,,,,,,,,,
7,4.977366417064584e-05,0.4002819899917699,0.10171658081333666,2.0734421744273623,0.6851269762671903,nan,nan,nan,nan,nan,nan,1,0.0,0.0,6.974730617527618,0.13202614352754455,0.12697293555590727,0.007380022029445649,0.03518772585170368,0.1293716846419693,0.0,1.6298407253100624,1.6269993179785498,5.100448145455642,0.0014165290681396477,0.13096783110471175,0.1322484868355931,1.8456627902283729,0.7633799256229693,0.0007011055177892617,0.13374260688688547,5.264579273300245,0.0,1.9634043447234661,1.057839070728941,2.9614186879204354,0.12780761153248796,1.717245023184848,0.43754621084745243,,,,,,,,,,,,,,,,,,,,,,,,,,,,,,,,,,,,
8,4.9704520174283297e-05,0.38133094996781497,0.09787953224434168,2.0607636917564647,0.6654084562543234,nan,nan,nan,nan,nan,nan,1,0.0,0.0,6.974730616552352,0.12757906476112318,0.12333107506062649,0.008381477031270092,0.032437962445000766,0.12565884221004694,0.0,1.494393622947092,1.4917424416141603,4.459405223577448,0.0012910635526871906,0.12818259639133636,0.12221929201288753,1.8319711111848973,0.741032730166593,0.0007760175304096178,0.1368919358259789,7.3835372232516345,0.0,1.9475360060650933,1.0541234323114086,2.944819787365716,0.12790314375659767,1.7179781065171806,0.43994905545704915,,,,,,,,,,,,,,,,,,,,,,,,,,,,,,,,,,,,
9,4.962623763415739e-05,1.4016319147005383,0.34831537159003056,0.35552005201545533,0.1829368775932822,nan,nan,nan,nan,nan,nan,2,0.0024880197487831494,0.0,6.928508185768683,0.49071005876059254,0.4142154256939053,0.0025261980682069803,0.053234369467015444,0.5589310824177084,0.0,1.5296905337964664,1.4903124756252504,4.50232824375279,0.00990217351895758,0.3258108208832089,0.4101125833587487,0.24123695610930274,0.22979708575397842,0.001540793501422457,0.04500734396252053,0.23275207164433837,0.0,1.543819493144588,1.535038637456435,4.657573317092075,0.002858751485123918,0.2023925558824344,0.22291602534087612,,,,,,,,,,,,,,,,,,,,,,,,,,,,,,,,,,,,
10,4.953884672967752e-05,1.1369880512747945,0.3067919223328807,0.3553155304980176,0.1858735580705889,0.12654249726603228,0.06426445467702549,0.36694294390237203,0.19195420194772725,0.5734078134972146,0.2839635295836021,2,0.002524436163985141,0.0,6.9747040544812196,0.3816497442018694,0.37141799253175667,0.003153377769154867,0.03817023945738782,0.38155892221665016,0.0,1.4023627679595376,1.3965194932927438,4.082750155661183,0.003183069100593599,0.1894654181253762,0.3646765728421784,0.2426263300687196,0.233618768770748,0.002627376299327861,0.03982550352654651,0.23986917840481636,0.0,1.4845828457455186,1.4785974231922867,4.403242237734688,0.0025957771778612362,0.18418435106690986,0.2196467769119997,0.08546724760971611,0.08196033540225577,0.010066558149493067,0.030775770429800176,0.08359964624358812,0.0,1.274824152898897,1.2708066683086,3.583327790457525,0.0009302503970343504,0.15266375175188157,0.07888912121175215,0.25065010960786593,0.24135649202600865,0.002249160406598638,0.04035332129599268,0.24792023412314193,0.0,1.4950707075566738,1.4889868770724521,4.444237681653183,0.0026790536185207943,0.18576035857348677,0.22672655663044156,0.3858158729467747,0.3723123914118277,0.002825380556965752,0.034100870407154156,0.3805144676273289,0.0,1.4855090254177346,1.4771632631293923,4.386948945041767,0.0030899939646856244,0.19442854080804217,0.36677306626807216
11,4.9442381151700925e-05,1.0604541645914658,0.2861919729378394,0.3288962065539618,0.17154444197473495,nan,nan,nan,nan,nan,nan,2,0.002541281598538259,0.0,6.974704054704982,0.3554795701830024,0.3464424585276064,0.0031718121909397566,0.03729205817506904,0.3550318126748424,0.0,1.3764505797051092,1.3712433076950405,3.9783919723470684,0.0029196686871469477,0.18221271258967778,0.3409948961985955,0.2197356798209286,0.21221686451112845,0.0036341842254389773,0.03683920762087188,0.21321942673032207,0.0,1.44155859275973,1.4343190192896609,4.213561803745535,0.0021846638893775654,0.17423590936692115,0.21297651296897438,,,,,,,,,,,,,,,,,,,,,,,,,,,,,,,,,,,,
12,4.933687808954422e-05,0.9698438397761536,0.25849368792292526,0.34483579574556655,0.18525322282497372,nan,nan,nan,nan,nan,nan,2,0.002569769512723666,0.0,6.974730616999877,0.32376258749624226,0.3160675148941109,0.0033928136413285685,0.03560673424683381,0.3231235690232901,0.0,1.316170146386077,1.311349817245789,3.7481764165156295,0.0025341955416297228,0.17628162147824802,0.31443194487000664,0.2347944307032452,0.22868052618821255,0.005128015271204201,0.03231451547643048,0.22985375389497728,0.0,1.357071599079891,1.3512984168075826,3.8806672703801386,0.0020465007800750208,0.16530704071582955,0.21435002967264488,,,,,,,,,,,,,,,,,,,,,,,,,,,,,,,,,,,,
13,4.922237821664622e-05,0.8807386398966134,0.23410666429374707,0.3218859458862463,0.16978979455031817,nan,nan,nan,nan,nan,nan,2,0.0025783860203709807,0.0,6.974730616552352,0.294131049377818,0.28778240801953614,0.003852551312457619,0.03359981110092088,0.29371455286232545,8.795978529015362e-06,1.2264910719021318,1.2224167250816835,3.431787411388051,0.002242719552615792,0.17080353454793576,0.2851476080848713,0.21388992876743604,0.2090013540599478,0.006977499845042405,0.029501670081851002,0.21024303081477994,6.630132853491605e-06,1.2593106576287645,1.2538168074071776,3.5242824623047073,0.0017202464397312752,0.15933682213575648,0.210523957922304,,,,,,,,,,,,,,,,,,,,,,,,,,,,,,,,,,,,
14,4.9098925674887514e-05,0.8306478203875018,0.220097097864961,0.3211109043816249,0.17229964523548982,nan,nan,nan,nan,nan,nan,2,0.0025925196139059293,0.0,6.974730617527618,0.27747771637403823,0.2719685392371296,0.004317196808522301,0.03244784150706048,0.27707672726834315,0.0004194996841554229,1.1630957316203085,1.159371975523861,3.2222597557760198,0.0020125719262666913,0.16657447282477186,0.2686370599189967,0.21511304186798316,0.21082897788312588,0.007974478299909224,0.02923113201973336,0.21224206208617544,0.00012520118534979082,1.2210047572223415,1.2164744416963138,3.3963247649639166,0.0015857988031982267,0.15456503245222122,0.20639206773727084,,,,,,,,,,,,,,,,,,,,,,,,,,,,,,,,,,,,
15,4.896656805757299e-05,0.783547212176628,0.20792768348873264,0.30751103154692955,0.16297558074166069,0.06771585144838224,0.0310753556573349,0.31972639422119586,0.16957059719391773,0.5202449253652957,0.2572956291540392,2,0.0025861211571459723,0.0,6.974730616999877,0.2614376710899211,0.2564637134552042,0.004996191834162104,0.0310680777225412,0.2608263318310977,0.0012763500750830339,1.1347568717621423,1.1313066633541182,3.131243018250837,0.0018342313153067893,0.16276992549598532,0.2538533353431796,0.20309566625791944,0.1991433448310547,0.008879208885453245,0.025781201697491835,0.20184866247383956,0.00017604027727614297,1.186424050120219,1.1823778422951323,3.2831513659290006,0.0015206830224269929,0.15176257621045075,0.20343727760778565,0.04384219215890187,0.0411576050220131,0.010274313202178323,0.031202996393410815,0.042341947873706924,0.0035538219570723398,1.0475196429943352,1.0446262662145718,2.8679406412835693,0.0005808355690399773,0.14286890327930452,0.04513052389614825,0.2112397323616344,0.20721743074294524,0.008798144577181727,0.025578564710851858,0.2100438008593911,0.0,1.1933692331576637,1.1892653849859758,3.3039118240694405,0.0015676761270853315,0.1522072559679006,0.2114375919016023,0.3448497630176639,0.33576395703577994,0.009037006571899642,0.020797041868768205,0.34573232115318303,5.1227162536827885e-05,1.1858866859418749,1.180957167153049,3.260677522591525,0.0019631020321749628,0.16082627771612792,0.3427533644439505
16,4.8825356391083665e-05,0.7377382244799954,0.19478184367447812,0.30421962581929707,0.16190838532588067,0.06198466038992626,0.027712103823645962,0.31659085340318266,0.1686182149519858,0.5153493716157335,0.25510670802281443,2,0.002593983202261234,0.0,6.974730616552352,0.24582960508928642,0.24128914559072084,0.005779213460867427,0.02959578970191179,0.24529801417374789,0.001489596064523894,1.1149233063705524,1.1117654550768243,3.0677338986503058,0.0017209968447623265,0.15869416688554022,0.2395050144393565,0.20039980255052,0.19695858239720412,0.010589792157180946,0.02350865276218723,0.19917606109906613,0.00010459949959212603,1.1625280828412783,1.1586414834356507,3.2062967537374214,0.0013746824199702458,0.14715876064630512,0.2021671390099504,0.03977259491259724,0.03711555092521297,0.010812983268849155,0.03168648690636102,0.038256749485163825,0.0021100965028644516,1.051734929690818,1.0488650764794212,2.879119203214541,0.0005542557505425934,0.14221142074800727,0.04188238997047077,0.2086311803388931,0.2051447470303871,0.010567678432827582,0.02316659719445917,0.2074555215889118,0.0,1.1680675216827598,1.1641301152938592,3.222655004052439,0.0014157013151024707,0.14740611340041684,0.21029635276490427,0.3410605368185791,0.33280229250135535,0.010193806667903947,0.018627930026318663,0.3417734735677644,2.4847238888956554e-05,1.1611103124540327,1.1564845526549408,3.1811593853472084,0.0018185398102526402,0.15639897879122522,0.34052867533157
17,4.8675345115205054e-05,1.5111371048366955,0.41973698128846954,0.29087355591701114,0.15434183225365708,0.07008706425885142,0.03253074071929707,0.301259645133057,0.16043238496637274,0.4727226193346337,0.2462605333357402,3,0.0088936125286574,0.0,6.9729893578171955,0.5033603570043577,0.4981754170977841,0.006089180299583722,0.028104891709177026,0.5038946671128641,0.00019183353513110588,1.1455231763960587,1.142429942722391,3.158154331022794,0.0024417883917124987,0.15912597452629604,0.49149546347548667,0.19231422278970633,0.1890436151409486,0.011852156616447522,0.020542772396782934,0.19171703171412663,4.263066818349752e-07,1.1724972815681924,1.1694768060005838,3.2390626336075616,0.0013431410410251312,0.14246514028667343,0.1917417056727302,0.04694738885527737,0.0434634675525701,0.007685400809609965,0.03840693095299897,0.0461884107174673,8.82262423346033e-06,1.0795112301611896,1.0772926856113798,2.9589064412323296,0.0007564061318812003,0.15184708730364113,0.043873048440482496,0.19919409273191901,0.19594898611375003,0.012043710322906033,0.0197777740568959,0.1985885744055614,0.0,1.1771465812818132,1.17408601631069,3.2530704416327536,0.0013724778068666965,0.14199604299159257,0.19861219806889277,0.31381459469427186,0.30535622548412167,0.010385916590982163,0.016152885636504202,0.3165468992221923,0.0,1.168138387442973,1.1641255178617549,3.2049450974141314,0.001896302161759446,0.15155749089631088,0.3103473024533097
18,4.85165920621396e-05,1.4240848476845818,0.39501890704962866,0.2937903561248026,0.15730642513742188,nan,nan,nan,nan,nan,nan,3,0.00900175056609503,0.0,6.8442224745898494,0.47315111183118946,0.46828314883868355,0.007212042480228375,0.02727857257288493,0.4738132640598429,0.00024555953617811423,1.1215866077486982,1.1187168886241385,3.0828669220949276,0.002369303400486727,0.15522304567641018,0.46534001115792434,0.19482348426694562,0.19171139635826087,0.013528733618356301,0.01961461872549738,0.1953328286615845,0.00012174311315327449,1.12561183548062,1.12264166959923,3.0922481557611796,0.0013757801407132235,0.14171062545824378,0.19234947866442226,,,,,,,,,,,,,,,,,,,,,,,,,,,,,,,,,,,,
19,4.834915843421126e-05,1.3973316834369434,0.3880350517715559,0.3158841132614464,0.16995815936587216,nan,nan,nan,nan,nan,nan,3,0.008939030742527682,0.0,6.572457059795533,0.4647503525941447,0.4602698789893798,0.008191826547441623,0.02650664288598079,0.46558280597175933,0.0008174743449448963,1.0931463540764041,1.0905060302765481,2.9968805597583827,0.0022722816152939565,0.1529084795254976,0.45545575706887187,0.21520567524160056,0.21221841118427165,0.015190959223857154,0.0190213739020605,0.21574253578458458,0.0002832375859991868,1.1007361194752334,1.098488381715257,3.018886796321076,0.001428287575758028,0.14116270417778223,0.1952016551977353,,,,,,,,,,,,,,,,,,,,,,,,,,,,,,,,,,,,
20,4.817310878027086e-05,1.362449715599846,0.3776398792997598,0.29052960121756527,0.15202381371963553,0.06473938090057013,0.03157433587059153,0.3011644064634884,0.1580462882361336,0.49496792595329225,0.2492888331297507,3,0.008905013305572545,0.0,6.48013911584121,0.4530406127117511,0.4485954718710087,0.008707824064187441,0.026262569602621064,0.45393036283462207,0.0009407355551782828,1.076347225350495,1.0737909748997891,2.9464278285535874,0.002285290950185823,0.1526567783997752,0.4441819138463503,0.1939510555835162,0.19001493775870779,0.009971552013641753,0.017568375248477715,0.19182269508654806,0.00013046385943174242,1.0845675008610538,1.0822404305751199,2.9702513869416878,0.0018820979475649311,0.14051295451536344,0.18800304912571142,0.04514354198763914,0.04201346215649535,0.010763811394942396,0.03915482471970588,0.0438035508217932,0.00264475544865637,1.033748270778818,1.031285630257523,2.8257175061402178,0.0007298547680982466,0.1475655834464103,0.03638614089613967,0.20100446087421775,0.19705787422505996,0.009932393080093579,0.016594151375324454,0.19885063244415055,0.0,1.087108460284,1.0847881672363107,2.9774780715550726,0.00193970959250052,0.14016033174100315,0.19505361215948835,0.331375495463271,0.3195877458732465,0.010319173135990985,0.014160449179287327,0.3337256881126893,2.8190391455302553e-05,1.0784110938742972,1.0745808681366753,2.9302295613950866,0.0024579733577762574,0.15098600152576078,0.31947687502568306
21,4.798851097081124e-05,1.3229252754315723,0.36644801062099525,0.28372186460431165,0.149144158059059,nan,nan,nan,nan,nan,nan,3,0.008767922054368828,0.0,6.421129988345624,0.4392778952177274,0.43510718912826385,0.009745222966405476,0.02508840835639186,0.43993715642531733,0.0010096955271546527,1.0621543402530085,1.0597197184811313,2.904645395406855,0.0021615716554727,0.1486697015388541,0.4323970747721457,0.18841846592843958,0.1847929684219562,0.012037735888506887,0.01662944886303595,0.18746306771790286,0.000208080274792261,1.0683677297504683,1.0658526617086306,2.922094146539644,0.0017304843743584319,0.14059661300377094,0.18536625158420042,,,,,,,,,,,,,,,,,,,,,,,,,,,,,,,,,,,,
22,4.779543617180193e-05,1.3110274423314245,0.3621094830055605,0.2820641347940916,0.14947395162131016,nan,nan,nan,nan,nan,nan,3,0.008722015841011361,0.0,6.355078977557464,0.4358211101052988,0.431682324316708,0.010233354931135122,0.024922186583301673,0.4367085841034048,0.0010158632978338716,1.0513637158115459,1.0489827161698946,2.873171250016284,0.002168723089270859,0.14868851056443488,0.4274447563463616,0.187230234267365,0.18417332268271433,0.015180489031856096,0.01581536714939043,0.1860569973091634,0.00012936207420968993,1.052645165507512,1.050554155023314,2.8777626762730804,0.0015002193591980542,0.13800549486154845,0.18414480270269518,,,,,,,,,,,,,,,,,,,,,,,,,,,,,,,,,,,,
23,4.759395881725329e-05,1.2975080523278713,0.35855639320994515,0.28400354036115,0.15072895820145,nan,nan,nan,nan,nan,nan,3,0.008678543469777193,0.0,6.2386898782251725,0.43097315603497444,0.4269863058492091,0.010926226965124079,0.02414047197975893,0.43168857079117856,0.0008553152440634183,1.0419832204426238,1.039639784398241,2.8460318637892925,0.0021275385096756606,0.14656964696136118,0.4236766493679962,0.19086559581475873,0.18684981252216232,0.010108858342730963,0.015512741004316306,0.18639967983165542,0.0001701100384732857,1.0361958821774389,1.0341245836890165,2.830972856737871,0.002028745043455666,0.14698007569985902,0.18121094793852993,,,,,,,,,,,,,,,,,,,,,,,,,,,,,,,,,,,,
24,4.7384156580520806e-05,1.2978815546207219,0.359064522332744,0.28924523213966274,0.15475678568745263,nan,nan,nan,nan,nan,nan,3,0.008668841485915986,0.0,6.385613549899049,0.43194095658728027,0.427779756333305,0.010839158463410591,0.023774207107728762,0.43299680536461194,0.0009712778625406762,1.0326998940799146,1.0302959883895835,2.8194132753379977,0.002238392237293483,0.14711791704560245,0.4221120199832879,0.19439677889150891,0.1909602310920746,0.013754145106268085,0.014938829117951457,0.19257162331147065,0.0003819063493733447,1.0293606365340746,1.0273153973538036,2.811672351971602,0.0018252026511405917,0.13600755606607373,0.18418823509353507,,,,,,,,,,,,,,,,,,,,,,,,,,,,,,,,,,,,
25,4.7166110344360496e-05,1.8986207410527853,0.5434363203144206,0.29054403331386425,0.1528622723444091,0.06107974248880235,0.028322625522336168,0.30127002078809245,0.15908925446953692,0.5002098377188956,0.24976414383323806,4,0.02122944725373046,0.0,6.288884659574606,0.6288470279484061,0.6245156308872415,0.011230415540330257,0.021351075926836584,0.6300801150770912,0.0007859609788431102,1.0311991623840084,1.0288172740202846,2.8147151896451237,0.0025569033417917196,0.14387534645480876,0.6226089759134239,0.19416582137485805,0.19040794742670708,0.014483936857114682,0.01517841189844438,0.19181370085968938,0.00020465099141861852,1.0307656852106521,1.0288991658165003,2.815484730090537,0.0017789454313238144,0.13727804544835648,0.18718811704847932,0.04192222364214458,0.03888569582269888,0.011724630637968445,0.04324129440107841,0.042522763466272415,0.001778729704350944,1.031668390948391,1.0299711173130004,2.818831945753719,0.0007258706476627667,0.14801605680706437,0.03542888610305882,0.20130563491263317,0.19754801189620608,0.014624181229168523,0.013855245566499502,0.19880510538785606,0.0001218400591780568,1.0307205523143665,1.0288455683280409,2.8153173678529804,0.0018315991217423176,0.13674114513523064,0.19423341349152842,0.3338208735876676,0.32120061875967443,0.014318669247536792,0.012925509450502437,0.3371857031483116,0.000197170858066659,1.024353061094848,1.0209731492288265,2.777202062444916,0.002494593205177223,0.14901427204549578,0.3246556624883783
26,4.693990416974711e-05,1.8688588021742887,0.5356911663276885,0.2858485542132519,0.14888537313953157,nan,nan,nan,nan,nan,nan,4,0.020935502369439193,0.0,6.311484554041644,0.6188364483436992,0.6144199737241792,0.011475450057173806,0.02118194734490044,0.6200664680262059,0.0006662053189161243,1.029729359152656,1.0272806159008805,2.8100311208993336,0.0025314502394499037,0.14353838746276207,0.613112572710961,0.19264403852431428,0.18754440760560434,0.007940283795898498,0.014294443323133756,0.1904190758908149,0.0004567837870998244,1.0274135808977791,1.025219402984558,2.80483253132526,0.0023597423306995022,0.14020767941175138,0.18155995502803146,,,,,,,,,,,,,,,,,,,,,,,,,,,,,,,,,,,,
27,4.670562526346698e-05,1.8686500445352496,0.53547498886585,0.27966093455798885,0.14676674352627675,nan,nan,nan,nan,nan,nan,4,0.020804173111385275,0.0,6.24751423294022,0.6195007198807448,0.6149617148599531,0.011293975320163747,0.021060360891762026,0.620945473464693,0.0007502202913523008,1.0281517775754119,1.0256221798184575,2.805020188645234,0.002618194628122077,0.14462160674015462,0.6116079263794877,0.18679684736036192,0.18340484982653696,0.01675997607021015,0.013967972013424187,0.18600634304278316,0.0002448641347977821,1.0290035407143268,1.0267763343038647,2.8087093253862845,0.001575005488529261,0.1379610439787865,0.18009492662392768,,,,,,,,,,,,,,,,,,,,,,,,,,,,,,,,,,,,
28,4.646336394449819e-05,1.8639534796798782,0.5341342512916645,0.29228011214805155,0.15373547336440446,nan,nan,nan,nan,nan,nan,4,0.020507539783141522,0.0,6.279087681156161,0.6180313314585194,0.6131049671492105,0.011582279785674028,0.02049467686639626,0.6199483305827224,0.0007117050410827807,1.0280845997457926,1.025396810785582,2.8040250996518337,0.0027694433109446853,0.1420171689318482,0.6099306170039841,0.1960921222842865,0.1922250510301998,0.01627346988473588,0.013674004074436922,0.19304588020463004,0.0002437722504679232,1.0278099706872774,1.0256450062908464,2.8051631608475454,0.001763514137074447,0.1323840205383527,0.1866209006658732,,,,,,,,,,,,,,,,,,,,,,,,,,,,,,,,,,,,
29,4.6213213609190855e-05,1.83278060077995,0.5267282713245159,0.28193081003577497,0.14732241981195848,nan,nan,nan,nan,nan,nan,4,0.02014507760134709,0.0,6.160372932141553,0.6067910335741828,0.6018771880836757,0.012166972758864867,0.02050583966359837,0.6083096636003115,0.0007371470868623215,1.0272274470800662,1.024469726460971,2.8010976144654314,0.00269064235603538,0.14034267008424922,0.6014756761257707,0.18834111701895656,0.18483032128608565,0.014798810560685464,0.013484289549758801,0.18568834582408197,9.034618304407124e-05,1.0294154928112003,1.027398656215749,2.8095896586893723,0.0015649336695859933,0.13453533476798446,0.18172960075131456,,,,,,,,,,,,,,,,,,,,,,,,,,,,,,,,,,,,
30,4.595527069526107e-05,1.8263079217005822,0.5225727481956582,0.2805379885271597,0.14672853755844117,0.06208532045430906,0.030677746163221945,0.29086697203294753,0.15253107317607859,0.4777393286741992,0.23716252058457168,4,0.020113630568850398,0.0,6.058843842647733,0.6047902328784416,0.5993941239029399,0.01152735711062708,0.02006117055337735,0.6066261161364046,0.0006512907732143255,1.0276720280988958,1.024681576843978,2.8012783631930303,0.0028666824125457417,0.1422788768891418,0.5991368417264141,0.18781460225840632,0.18395422986166032,0.016308638685477467,0.013106513023479281,0.18824272788216875,0.000493365431989406,1.0236796347062382,1.0221665483685713,2.7946621612689797,0.001701120269388143,0.13449839522685345,0.17985495889621977,0.043416225808090216,0.03998294299639202,0.007269076070677134,0.04380817320147698,0.04090400247334743,0.004537789998978956,1.0197985248076105,1.0157111089438342,2.777157173697634,0.0008731072336981658,0.14814264714730202,0.03475394847044612,0.19466540973925783,0.1908233987879146,0.016761598072265942,0.011633532879173547,0.1951887078595887,0.00028427379558352954,1.023873693202253,1.02248932613297,2.795537409481364,0.0017425214032754548,0.13381617956429478,0.18666645471069093,0.3167549195653705,0.30400470002720364,0.015827551219891583,0.011606256601603927,0.3256750923492054,0.0003862796575979586,1.0183293289837092,1.0152722926058197,2.761318278439593,0.00241949141854636,0.14622429665164663,0.31405839067820146
31,4.568963464461231e-05,1.8184167102468602,0.5220980066233644,0.298806116105388,0.15474840612595087,nan,nan,nan,nan,nan,nan,4,0.019811248844603165,0.0,6.1227034874986135,0.6024283579213778,0.5973988815198877,0.012513736505059903,0.01973778013903769,0.6038784096807854,0.0007098148933829965,1.0257206591241474,1.0228829512808872,2.7958176803018064,0.0027066804256339707,0.14258491564860185,0.5959752439496309,0.20180960651187294,0.19702277421367298,0.015174348247138222,0.01328691509431904,0.20013541130521093,0.0004272431072158328,1.0231700783862747,1.0220652438471138,2.794006024353503,0.002145632514152948,0.13888460977792075,0.18825230113042374,,,,,,,,,,,,,,,,,,,,,,,,,,,,,,,,,,,,
32,4.541640786499872e-05,1.8096098930149471,0.5175951194994545,0.2837095325249246,0.14630505355889398,nan,nan,nan,nan,nan,nan,4,0.01983616681422814,0.0,6.056143365179428,0.5993469526478465,0.5939853798742223,0.012110734284620391,0.019697181034670285,0.6011017898660289,0.0008163842895785436,1.0250061077046215,1.0219872633233342,2.79304440459561,0.0027905635480930903,0.14458936453182245,0.5934313649714015,0.19000921213230637,0.18572249150831038,0.012678938247064408,0.013233176261179109,0.1898842985950869,0.0006340170595709748,1.023335116101414,1.020730946254846,2.7898798876735307,0.001824200190861095,0.1427163080067361,0.18212827374082163,,,,,,,,,,,,,,,,,,,,,,,,,,,,,,,,,,,,
33,4.5135695690544954e-05,2.327211923421838,0.6767836714265227,0.28025220468713913,0.1425873476337481,nan,nan,nan,nan,nan,nan,5,0.04846728828648416,0.0,6.078069557445351,0.7683892382107095,0.7625655919102599,0.011995291213895984,0.017871395932033567,0.7702127950731883,0.0008842541340246259,1.0258994401527708,1.0226968516496489,2.7947362281187678,0.0031624540653161777,0.14523302475666078,0.7638963416903369,0.18748297673555064,0.18215162649180372,0.013598021351964577,0.013280413791223989,0.1880794466613185,0.00020032175210497405,1.026584535969542,1.0247114402544146,2.8004955774601425,0.0021514484907184496,0.14730479688924353,0.18026199975872315,,,,,,,,,,,,,,,,,,,,,,,,,,,,,,,,,,,,
34,4.484760634113786e-05,2.310190474748597,0.6695218976504697,0.2732017654638617,0.13863713453437512,nan,nan,nan,nan,nan,nan,5,0.04723482256757525,0.0,6.056207219895077,0.7627291218627543,0.7564224185987554,0.011357685157690669,0.01779975619548679,0.7648014397142304,0.000710119438888068,1.0242900704051525,1.0208372708503402,2.78925731628715,0.003241205806962637,0.14723368142306037,0.7586366307051174,0.18299965665247148,0.1776584329513132,0.012750649406046807,0.012840794303992894,0.17919835434337877,8.545562233431371e-05,1.029189374680914,1.0274026235280724,2.8075466834099685,0.0021143795564106836,0.14706749762439786,0.1753157488701748,,,,,,,,,,,,,,,,,,,,,,,,,,,,,,,,,,,,
35,4.455225088070567e-05,2.300316985169836,0.6678137211217713,0.2769920095129082,0.13927502431308636,0.05893763967785275,0.02724505470338087,0.2872354515283356,0.14487651934944012,0.4724249899871846,0.22307693162417688,5,0.04737583176122848,0.0,6.101918765359764,0.7597658324813499,0.753319743459217,0.011700461290586545,0.017925624422793728,0.7619494995902787,0.0009376150169456978,1.023921426096406,1.0203345102941426,2.7875536032567325,0.0032581896070200556,0.1484730219476704,0.7546776804153468,0.18504062880178448,0.17813201448981805,0.010509878955249019,0.01292975755985224,0.18119667957528127,0.0003488289166291828,1.0225086473396117,1.0202620495525576,2.787486003874097,0.0026358037977564086,0.14852774099492705,0.17901658579063662,0.039914156389955754,0.03653361487943202,0.010084343944118892,0.042550964145322584,0.039855960779519736,0.001606224488510932,1.0282308655331975,1.0256433602174946,2.8023697412376745,0.0007536292316797289,0.15002867699323344,0.035392590721209725,0.19189892122844712,0.1848639978581002,0.010528628179802334,0.011496194931700643,0.18785964072083766,0.0002836417887046758,1.0222225331194132,1.019992982344804,2.7867418114873987,0.002729912517679833,0.1484526933765737,0.1856816485642005,0.31182349452336494,0.29558800211691577,0.009870772298900812,0.012324018465922328,0.3164577233870241,0.00030869420261438223,1.0177914267082966,1.0136282275416253,2.7566135987465783,0.003631708428045002,0.16262429511010296,0.31404534363005765
36,4.424974317440073e-05,2.2960424267238664,0.6643535896626332,0.2720114293235906,0.13820170903321966,nan,nan,nan,nan,nan,nan,5,0.04657472812614508,0.0,6.045210510696297,0.758290690574115,0.7516786753094307,0.011785224069555674,0.018164642013801836,0.7606594730610728,0.0007362037262148992,1.023800974500465,1.0202115440569617,2.7868803977822765,0.0032671827418694717,0.148890986731731,0.7535412774213881,0.18142327857080265,0.17657735167772337,0.013566399461675559,0.012805308635181341,0.1799874367388418,0.00021222418124160655,1.024343705965761,1.0217962491685146,2.7912719999332287,0.0019122416031570584,0.14622162578166464,0.17602351979881936,,,,,,,,,,,,,,,,,,,,,,,,,,,,,,,,,,,,
37,4.394019984470231e-05,2.2781679482374866,0.6633011446151303,0.28557993317227687,0.14456398450697044,nan,nan,nan,nan,nan,nan,5,0.04685074180093086,0.0,6.1899171309647905,0.7523999629736687,0.7461835999513233,0.012230426035316126,0.017928316485358628,0.7544664638919534,0.000765070630772472,1.0243650677342548,1.0208958221125928,2.788385815389187,0.003115236250501248,0.14647306911379163,0.7474619752245547,0.19156567483252945,0.18579586370233525,0.01384033275617847,0.01288560165532421,0.18945740019345306,0.00017693740933406586,1.0251981113671684,1.0209521007277451,2.7886455352671264,0.002229490304032648,0.14941482073543277,0.18266377618006832,,,,,,,,,,,,,,,,,,,,,,,,,,,,,,,,,,,,
38,4.362374022645644e-05,2.268365132544076,0.6577458464830082,0.2855329513375311,0.140509576890302,nan,nan,nan,nan,nan,nan,5,0.04559740085308575,0.0,6.101507938177426,0.7487080994521681,0.7419642429578609,0.011589314348650147,0.01782199388985511,0.7510225194833571,0.0004832500983987701,1.0241825353330567,1.0203481947686577,2.786415177633355,0.003282283800235755,0.14852595000607613,0.7454554599208958,0.1899383897032329,0.18313617139552077,0.012032553570801127,0.0129053990002927,0.19027018899902962,0.0005649252122075846,1.02058354181646,1.0180640139700425,2.7800298172963838,0.0026373361643957914,0.15551262243972183,0.18604243981004062,,,,,,,,,,,,,,,,,,,,,,,,,,,,,,,,,,,,
39,4.330048632087003e-05,2.2558855750883464,0.6524834009453165,0.2648053021264983,0.1319857405338763,nan,nan,nan,nan,nan,nan,5,0.045278748674226085,0.0,6.142371012397544,0.7449116286085572,0.7379565760392348,0.01146123488513851,0.01789969328603918,0.7474407909243524,0.0006877110114716556,1.0231550008193913,1.0195044204518162,2.783643982784346,0.0033475306935895313,0.1507039884537891,0.7407158035566113,0.17566825519155568,0.17022594026283738,0.01472469268270139,0.012447945497029453,0.1741695454432704,0.0002266334090882344,1.0260524244900975,1.0232872501495816,2.793906607940289,0.0020519155198814847,0.1521300975489072,0.1731390820747364,,,,,,,,,,,,,,,,,,,,,,,,,,,,,,,,,,,,
40,4.297056274847712e-05,2.2499281540780207,0.6522400591564972,0.2887752356895532,0.14457464730051547,0.06010486521852409,0.028283078288086894,0.2995950606762067,0.1503892174997924,0.4777377870224857,0.2261587111808605,5,0.04554092359921316,0.0,6.2170069076901715,0.743047599200123,0.736037778403996,0.011516931812741911,0.01759572293300553,0.7452501419706338,0.0007545244667926999,1.0232862804867424,1.019547304078824,2.783310139864132,0.0033077170094241376,0.14957559715913274,0.7384702095401267,0.19627625363218962,0.19076055491573762,0.011430422310113809,0.012829298389213064,0.19700169901485526,0.00011315890156839994,1.024931034385336,1.0246240599972245,2.797140114545068,0.002162511435749107,0.15244537089750193,0.1797785991420941,0.04241968968798719,0.03899335183266452,0.00997726170963424,0.045768196820207226,0.04151550894092265,0.001677410115684124,1.0249183830082775,1.0227217381747211,2.7918946874978205,0.000758828178821762,0.15045010066876324,0.03261029605825627,0.2035999475503111,0.19802804509987867,0.011494461472293304,0.011216923055768975,0.20435471691717103,3.2358636516965184e-05,1.024931666873252,1.0247191787590229,2.797402387696797,0.0022326952391056353,0.15254513547179172,0.18665458560606826,0.3173458388088899,0.3025979404826076,0.01098763690815244,0.013174165530635922,0.3230889119157481,5.975288061647989e-05,1.020427606565766,1.0185829569943226,2.7701777932352685,0.0030834167969325072,0.16803185657629297,0.3133673148114224
41,4.263409670109524e-05,2.2390676133623773,0.6472385214009078,0.27551236640074395,0.13635104756121053,nan,nan,nan,nan,nan,nan,5,0.04480359645592263,0.0,6.170519728736705,0.7393227236812345,0.7317888166796305,0.011718727085958485,0.01771296941168227,0.7417534016909945,0.000732947936407492,1.0214300216065986,1.0174663570677178,2.7772708260478853,0.003441757010874441,0.15188416896499535,0.7352702052862189,0.18347065940651622,0.1764908021600862,0.01278449609114141,0.012718197913330682,0.18147260796665854,0.0001474760092558834,1.0242097664200887,1.0214574543547628,2.788104511404097,0.00258327097188582,0.1541340797173099,0.17901488728022616,,,,,,,,,,,,,,,,,,,,,,,,,,,,,,,,,,,,
42,4.229121789279058e-05,2.2281671731150285,0.6430807300546915,0.2686397723165233,0.13015556612536114,nan,nan,nan,nan,nan,nan,5,0.04419332315563912,0.0,6.2406011189178505,0.7356012550119155,0.7277438775901982,0.0118218036344576,0.017435764022127365,0.7379105220080133,0.0005122651732062101,1.0229244442778034,1.0187062496057868,2.780312759648288,0.003487316730845656,0.15257603931087982,0.7320197376828046,0.17837580195369918,0.17194907875726392,0.011026643648225289,0.01295041345855082,0.18003524823777056,0.00044927120682003153,1.0207036202324566,1.018339029328904,2.778936587529103,0.002169820751851025,0.15755523452651765,0.17570931617631372,,,,,,,,,,,,,,,,,,,,,,,,,,,,,,,,,,,,
43,4.1942058509870735e-05,2.2272608940227476,0.6422963355222385,0.27419630507812015,0.13359876224639997,nan,nan,nan,nan,nan,nan,5,0.044190036658479225,0.0,6.218285427325881,0.7354493516213414,0.7271564356650165,0.011472105033861342,0.017304381199300018,0.7379805848865159,0.0006250627186593832,1.0214903755442908,1.0170624304264007,2.775330368652162,0.0035744191112885965,0.1535965739204603,0.7314627332679483,0.18300910393955158,0.17557263789638755,0.013447126114448841,0.012534234118603304,0.18101305258410266,0.00027351848054750104,1.0268689933224435,1.0230081270196294,2.7913803545692235,0.002547343301249505,0.15949336333360195,0.1772566104934087,,,,,,,,,,,,,,,,,,,,,,,,,,,,,,,,,,,,
44,4.1586753159924385e-05,2.2165389250559775,0.640398406096767,0.27088823453217753,0.12984530598681915,nan,nan,nan,nan,nan,nan,5,0.04467571740776318,0.0,6.14831029375491,0.7320022107734878,0.7230999005962512,0.011117615368344448,0.01703108977669741,0.7344260607971065,0.0007336174631649708,1.0235738821960514,1.0188333616987275,2.7798588417808405,0.003637329835863616,0.15373787516182574,0.7276556333898944,0.18012787474470093,0.17194759528154765,0.011753022304198522,0.012603597829960895,0.17687645188936718,0.00013825439250364074,1.0241035969824595,1.0203014967448634,2.783600642839494,0.002645813646530583,0.16056871727221905,0.17664886332863347,,,,,,,,,,,,,,,,,,,,,,,,,,,,,,,,,,,,
45,4.122543881992746e-05,2.201814973963247,0.6340896319329966,0.2708541892168045,0.13022854650751828,0.056984202212747935,0.026686198196501695,0.2809665218437959,0.13540566776867757,0.46229711333601925,0.20957008208058547,5,0.043589415418263056,0.0,6.106115567456506,0.7267212410248752,0.7175038634997711,0.010986896798564284,0.01706043036501497,0.7295333444019331,0.0006864146356525743,1.0218274760066635,1.0170718747737368,2.7747787302132267,0.003639311542266942,0.15460473443838602,0.7238371720046398,0.18085536082367096,0.1725650085431579,0.012832806669823367,0.012771622263780208,0.18183625415814303,0.0004893210959173606,1.0193229356924463,1.016736316895001,2.7733902061658045,0.002688869502121423,0.16087619043104745,0.17498807000147537,0.03923642882952728,0.03592935447671526,0.011050995661913917,0.04356469872994246,0.039959236480105964,0.005517096888513773,1.011073401324178,1.0096020007474011,2.7538026915403955,0.0007196522094177275,0.14490166335674923,0.03257988307465433,0.18760835723843888,0.17912795651812802,0.012910670888961237,0.011254048781260104,0.1884597656003093,0.00023240245004528765,1.0197354143348398,1.01709303448941,2.7743695850585515,0.002787329635157398,0.1616749161574392,0.181608327022499,0.3023676678651941,0.2840224941322879,0.011965350506374638,0.013655053314323725,0.30894963234478645,0.0003539359302298435,1.015474411673279,1.0105100158238098,2.7478486781256812,0.003972065562138222,0.17905611321362228,0.31269464009083564
46,4.085825478343599e-05,2.1996720161939383,0.6312762497800108,0.27338206148042066,0.12904807681358813,nan,nan,nan,nan,nan,nan,5,0.04322793447965829,0.0,6.127220006264893,0.7261207898966235,0.7163719858363325,0.011016561549807048,0.017111084763832666,0.7288597844570824,0.0007474117729150735,1.020983918516408,1.0157805879849218,2.770966608135504,0.0037524017181108644,0.15661817250782,0.7229836361882124,0.18224210944051494,0.17274958971685903,0.009017446348603452,0.012615936246002471,0.18252692693467268,0.000266909244421147,1.0217589216948324,1.0182899560304726,2.777352945382356,0.003067848989981724,0.16601291524433406,0.17766017300378337,,,,,,,,,,,,,,,,,,,,,,,,,,,,,,,,,,,,
47,4.048534260688568e-05,2.1844722155267875,0.6247158890494864,0.2872680059520491,0.13189099911568808,nan,nan,nan,nan,nan,nan,5,0.04305811323896125,0.0,6.054737441725086,0.7209000071522729,0.7103995924139813,0.011264582594249173,0.016961796823011813,0.723781800989497,0.0005598233672039394,1.0226664683710376,1.017077395150824,2.7742637228491005,0.0037941127829093702,0.16122745039431,0.7183644873403542,0.1916271925113833,0.18074055878686884,0.01075771030077445,0.01275944208200804,0.18856344731786714,0.0005009857605127519,1.0180817797535775,1.013731557910161,2.7644918371457887,0.003291607636688578,0.16777669447431723,0.18631581645411016,,,,,,,,,,,,,,,,,,,,,,,,,,,,,,,,,,,,
48,4.010684605501933e-05,2.191980860260496,0.6280161514987119,0.2716041816000217,0.12873584931599683,nan,nan,nan,nan,nan,nan,5,0.04324092860569744,0.0,6.083466970556316,0.7236525054217265,0.7131010887684959,0.011606665541946075,0.016826447819335365,0.7265483682924824,0.0006047199890235656,1.0211289698347445,1.0153764252090882,2.7692447023993854,0.0037612124871810133,0.16014856175720868,0.7202442616284187,0.18275280448944153,0.17277428876198483,0.012420290171883197,0.012768270843164075,0.1806737781691681,5.178375735763361e-05,1.029880849076199,1.0270840237239853,2.800995676084906,0.0028889361052813543,0.16932750419784692,0.17274780236200388,,,,,,,,,,,,,,,,,,,,,,,,,,,,,,,,,,,,
49,3.972291104546267e-05,2.1750579182631733,0.6194556820996661,0.2715198663565687,0.12570033117624535,nan,nan,nan,nan,nan,nan,5,0.04318353529536078,0.0,6.069381992759275,0.7177298565947499,0.7062683425707229,0.011349596961679712,0.017166999683563028,0.7209741171836752,0.0006636323437862172,1.0211926935397613,1.0152501672205256,2.7687090337221045,0.0039053627718423248,0.1644695359836612,0.7153312715732525,0.18097103082997157,0.17118348358335508,0.013028628315270473,0.013059351821028907,0.17941681761424777,0.0002582078673874704,1.0202606505355263,1.0161779861497384,2.770720249779001,0.0026928735079496027,0.1779497938626862,0.1760996237291587,,,,,,,,,,,,,,,,,,,,,,,,,,,,,,,,,,,,
50,3.9333685592470434e-05,2.16610843949013,0.6170405502661016,0.2742079555016551,0.12512902034517154,0.05023993461664062,0.023012658081527724,0.28484140553649134,0.1302348418217025,0.4767298958289882,0.20354314212202426,5,0.04276708120657847,0.0,6.0724844407855,0.7147316833959003,0.7033412578352002,0.011922128485302984,0.01721262008054448,0.7174710080598992,0.0005743917742814781,1.0199042925893298,1.013722951449375,2.764360825239039,0.0038131452500906908,0.16604124045469218,0.7124653813142193,0.18311253211579126,0.17251178627554045,0.012158742432046241,0.012470303875263085,0.1803794549804781,0.0005094895852218203,1.018712620858266,1.012726435089681,2.760994507927073,0.0029983125666501196,0.1803823036338082,0.17725495126307075,0.03310432723036861,0.029667710977091945,0.012002106416716792,0.04152597749987095,0.032685550072164275,0.0003966041522006973,1.0305553692958045,1.0283869116727276,2.8037736238492643,0.0006268185464778263,0.14539553458351104,0.03163126606152581,0.19028484290318814,0.17940608921948734,0.012150260326684854,0.011033966863619273,0.18742853368717896,0.0005134317941611824,1.0181204814502256,1.01194340886894,2.758855550513705,0.0031168874517535044,0.18213164376227955,0.1840687609195117,0.31087160666560704,0.28792479012599353,0.011005211069508948,0.01386024510931937,0.3158450244125094,0.0004409807918503116,1.0155051418421612,1.0064250242794148,2.7368745376799297,0.004500150049544486,0.20000279500894008,0.3245627319764755
51,3.893931974986399e-05,2.162086116814068,0.6132205451747463,0.2643501700828538,0.1212520731616914,nan,nan,nan,nan,nan,nan,5,0.04225873805560556,0.0,6.122892173637798,0.7133694717149511,0.7009636617552922,0.011245211120484605,0.016986642340196593,0.7167081806440644,0.000669311170943254,1.0214534576370047,1.0147665959528502,2.7671611241500673,0.0039913717285072385,0.16776297556741582,0.7113851180739906,0.17616243958717026,0.1653646292340095,0.012770089229972742,0.012523513538170173,0.17206211389365472,4.518671252323986e-05,1.0283419347944713,1.0217334638162356,2.7856906736482587,0.0029038140480588575,0.17873578586994546,0.1715388819521992,,,,,,,,,,,,,,,,,,,,,,,,,,,,,,,,,,,,
52,3.853996555318275e-05,2.1564878368375995,0.6112612709668888,0.27032092056392293,0.12425519095771602,nan,nan,nan,nan,nan,nan,5,0.04246707797708767,0.0,6.111229658373814,0.7113859641741219,0.6984865537052253,0.011826594957509522,0.016573820204798997,0.7145749992429147,0.0007454537073664314,1.0204414178231562,1.0133947926843156,2.763219787734987,0.004004079508897754,0.16835434332498014,0.7097088037830516,0.18049870042698393,0.16970797203020507,0.01376869775862848,0.012249105358040704,0.1780163838610304,0.0011337461211919607,1.0164414687264358,1.011640522953107,2.7576764515265944,0.0027789418734925323,0.1756332716696038,0.1745830788507352,,,,,,,,,,,,,,,,,,,,,,,,,,,,,,,,,,,,
53,3.813577696107161e-05,2.148857162320312,0.6097055778646077,0.26606269614609385,0.11963573055842941,nan,nan,nan,nan,nan,nan,5,0.04178886073260805,0.0,6.09644342618653,0.7091119665360838,0.6960067265274984,0.011802941771412825,0.01676506989602222,0.7124253579206602,0.0007467928502618413,1.02114837403732,1.014147068291622,2.7651811140170413,0.004030916024787502,0.16648725251300117,0.7068098407915648,0.1780390412070701,0.1650301522049074,0.011712050797369235,0.012968101131559832,0.17479755099359712,0.00023140423759986686,1.0258871230177515,1.0179799557629912,2.77511592432236,0.0032394519020308554,0.1826127740854432,0.17130688376739187,,,,,,,,,,,,,,,,,,,,,,,,,,,,,,,,,,,,
54,3.77269097959269e-05,2.146779813358261,0.6081912439399729,0.26636250885147755,0.12206592055065911,nan,nan,nan,nan,nan,nan,5,0.04204838298464082,0.0,6.075994190351065,0.7082843657290069,0.6942097275469452,0.012079229151136543,0.01681422462768152,0.7118941176864683,0.000790297646412557,1.0205402462178663,1.0129639087413993,2.7620367835981376,0.004075969204415086,0.16787441491420485,0.7063413835979429,0.17781271255683986,0.16655815570747232,0.013838027066399009,0.01230515032593971,0.17578851893480893,0.0008259887981573704,1.0179190156740667,1.011865707029945,2.758325866531855,0.002857213521845278,0.17670879597800232,0.1721054841328266,,,,,,,,,,,,,,,,,,,,,,,,,,,,,,,,,,,,
55,3.731352168382392e-05,2.136254498446742,0.6023021836077241,0.2697532600625559,0.11845643410728117,0.05218883331543515,0.024854862242721175,0.2800312428582013,0.12313651300875747,0.47245924584669374,0.19525469589612413,5,0.04179075736631869,0.0,6.095802406707288,0.704731257628697,0.6899668028459074,0.011647469633097861,0.016380754526019378,0.7082407169826591,0.0009219919674320162,1.0194330204487645,1.0112072625824369,2.7573112961455237,0.004221494204336343,0.17351273887127444,0.7031052465300279,0.1811525248761546,0.1664323741905608,0.008339186078040576,0.012476419398509509,0.17579331623104433,0.0001449395395090386,1.0251251238782337,1.0151028766172496,2.767478236018794,0.003706746037590899,0.1942889455778036,0.17278357897903734,0.03557478270544149,0.0316827101163725,0.009815137511644766,0.041648321977543354,0.03356632842712954,0.0010245612671188555,1.0241304948941394,1.0211047867074365,2.783193741622511,0.0007255915189805784,0.14670286738053287,0.030738983610060812,0.18811060246289135,0.1729274234055387,0.00826023872230758,0.01102586085041181,0.1825297797007532,9.967186485918498e-05,1.0251748569025014,1.0148027717171433,2.7666924578841,0.0038558038913833197,0.19666825483401007,0.17933220477929349,0.31042484672416665,0.2825395368396541,0.007232473332674992,0.01443020290535824,0.3125115943028333,0.00010332944987722628,1.0223896196807414,1.0086034982431846,2.7433758929313954,0.00541799747331625,0.21592661367528063,0.3174020353570171
56,3.6895771993749104e-05,2.128737942683746,0.5996667723772733,0.27665431805162766,0.12270704121705685,nan,nan,nan,nan,nan,nan,5,0.04143831265122974,0.0,6.022823984985218,0.7020917244169587,0.6865719150078531,0.011613589020262107,0.0166513256521148,0.7056829037517118,0.0008054121268677184,1.021119393629224,1.0125773020615951,2.7612258007990746,0.0042830314252703975,0.1737763473722453,0.7010087937112137,0.1859892359247081,0.17129733412745501,0.012521128989061363,0.012796974237366945,0.17870406891571455,0.0002657680793322753,1.024197768341804,1.0123799046457582,2.76021174934715,0.0035606487715811753,0.19157788020787944,0.17638553417792036,,,,,,,,,,,,,,,,,,,,,,,,,,,,,,,,,,,,
57,3.64738217761602e-05,2.1193799487318605,0.5988375555472272,0.28123831512916825,0.12673223885174373,nan,nan,nan,nan,nan,nan,5,0.04139668754179125,0.0,6.103863111030394,0.6991885876659378,0.683195068738939,0.011593623985198354,0.016755995909228452,0.7027478496973867,0.0007816547597223207,1.0211139847479647,1.0122334015917949,2.7603992163397724,0.00432576109777258,0.17335263266740567,0.6975337750981818,0.19089312265711167,0.17592322257602985,0.010196809872155637,0.013151335957090986,0.18855141490887925,0.00024971159386583087,1.02467864627884,1.0187146929465203,2.7775063542680196,0.0032950896577495625,0.1883381757605741,0.17587922244138657,,,,,,,,,,,,,,,,,,,,,,,,,,,,,,,,,,,,
58,3.604783370089826e-05,2.127094712241595,0.5988956367928455,0.2617567157133693,0.116956080760784,nan,nan,nan,nan,nan,nan,5,0.04133646025384313,0.0,6.038385832004583,0.7021591641121593,0.684907969703203,0.011616513545973312,0.016806334936361425,0.7059352210560114,0.0007768361658308429,1.0203933104960177,1.0107662034818108,2.756524009079238,0.004465625365457051,0.17516310753352785,0.6992820706101553,0.17553377776253756,0.16086992909366107,0.011193358973644667,0.01265366935423353,0.17004126274277628,0.0005565854076154646,1.0214238615666116,1.0114249374325708,2.757573122438208,0.003352325169125004,0.1931698082421685,0.16783380471203363,,,,,,,,,,,,,,,,,,,,,,,,,,,,,,,,,,,,
59,3.561797199447537e-05,2.1168003584209796,0.5938751754731568,0.26187197747027224,0.11642124053462823,nan,nan,nan,nan,nan,nan,5,0.041094754876093174,0.0,5.996552336276452,0.698025098740387,0.6808679960316809,0.01190695490866495,0.01666953758371509,0.7015463160605966,0.0009872369082503593,1.020525572368416,1.0108597963687147,2.7568618189985306,0.004412199684457568,0.17680537852075145,0.6973502705121538,0.17549431466910922,0.16108913193231872,0.011053656100491817,0.01261507092005697,0.16929932393190117,0.0008621864413699608,1.0199099674627752,1.0088971754623115,2.750893959550829,0.003401085572757186,0.1938086950648884,0.16814138788805438,,,,,,,,,,,,,,,,,,,,,,,,,,,,,,,,,,,,
60,3.518440237676214e-05,2.103924818750251,0.5900477061955155,0.2755746272484821,0.12200146074192275,0.052623916422449714,0.02482490880016559,0.28601971293255746,0.12686029019685938,0.479465015943214,0.1986862225333421,5,0.041571368509836344,0.0,5.961416029876707,0.693538175184036,0.6754218270036589,0.01146882518533846,0.01687410985496423,0.6976163822969838,0.001078230734438792,1.020270291266258,1.0097639837415147,2.7542158827814567,0.004507306247741176,0.17931922938962538,0.6934982626287397,0.18460664728579318,0.16923969987209556,0.012467170408353658,0.013185487307338309,0.1795309776814826,0.00037029119401071203,1.0249228089107507,1.01483641316345,2.7674258310407467,0.0032971475669424503,0.19380793264721313,0.17702592765992592,0.035776862570265265,0.032129596594024756,0.011875047639384018,0.04210802417821431,0.03441557901952114,0.0004318422980306204,1.0313959872295733,1.027692831216503,2.8017946994420635,0.0007516218194655327,0.14373822441396691,0.03100457779632866,0.19163507392282592,0.17575884217839388,0.012491589881305467,0.011743978602074117,0.1863226572385463,0.00036683889578881885,1.0245991484360328,1.0141935939987212,2.76570738545463,0.0034244237973386953,0.19631141245673592,0.18375538880485504,0.314782504753884,0.2854650596494624,0.011350915772477821,0.0157370925818666,0.31995562910219005,0.0001995675301671614,1.0241914054778407,1.010781381940039,2.7494516169968275,0.004910931120601305,0.2152541577944634,0.32219789696072454
61,3.474729199709957e-05,2.104063628546174,0.58700862665452,0.2748334298411654,0.12191151092848751,nan,nan,nan,nan,nan,nan,5,0.040743213204184864,0.0,5.976997342747233,0.6935191834869985,0.675192403621608,0.011841207489177486,0.01687362989192224,0.6983155205547791,0.0010916046502628324,1.0206507864600713,1.0102438256856314,2.7557067186064903,0.004416328864669497,0.18073574322771918,0.6938075192200956,0.18431168242379364,0.16939268971541518,0.01300725284783367,0.01248160151812505,0.17934349966869845,0.0005288280982657934,1.0240043814844466,1.0137166902745895,2.764642194143445,0.003206665792603654,0.19557314422391187,0.17608413152170704,,,,,,,,,,,,,,,,,,,,,,,,,,,,,,,,,,,,
62,3.4306809369859816e-05,2.1005614945609934,0.5858518969884635,0.27123100564345426,0.1173824751746128,nan,nan,nan,nan,nan,nan,5,0.040622728438637366,0.0,6.02958846908956,0.6925511110610322,0.6742246416366099,0.012060046067066671,0.016612702270199297,0.6967554280837128,0.001120178287803496,1.02180490974082,1.011214307946126,2.758693888375643,0.004373039189316554,0.1811166062482586,0.6922671649155697,0.18213962952105583,0.1654481976677955,0.011962381093132652,0.01342481870093389,0.17468600597596953,0.00023463293403693742,1.0327554214634167,1.0184907543748631,2.778384255591147,0.003554528197695526,0.2075126259333703,0.17339966969594467,,,,,,,,,,,,,,,,,,,,,,,,,,,,,,,,,,,,
63,3.386312430948063e-05,2.0947928489456213,0.5849697524133579,0.26583211715169164,0.11750894126497886,nan,nan,nan,nan,nan,nan,5,0.0411469908457312,0.0,5.935023961696647,0.6907055463913372,0.6716932405350404,0.011172053203000637,0.0169015408845359,0.6952780037803037,0.0011077979525969221,1.022623494319842,1.0113547016488156,2.759385199271671,0.004464168069113696,0.1831957341422882,0.6902189473567413,0.17860288825063625,0.1635486204669521,0.013110302502105611,0.012790436089549478,0.17284158353171558,0.0009878148602158587,1.0227840709768061,1.010528571117734,2.75640033852457,0.00321847223599583,0.1967251246322085,0.16958113397105498,,,,,,,,,,,,,,,,,,,,,,,,,,,,,,,,,,,,
64,3.3416407864998726e-05,2.0884108650590734,0.5794835239887621,0.27655860495006124,0.12387416293373223,nan,nan,nan,nan,nan,nan,5,0.04092214487863578,0.0,6.043845214309929,0.6882588537123355,0.6686268022166935,0.012066420691319009,0.016811989137352636,0.6933066209650922,0.0010953788000109483,1.0231470419646362,1.0115446418091834,2.760125395876835,0.004405464942479569,0.18570851284567966,0.688749485308322,0.18814707407985337,0.1726417112311805,0.012335194182323773,0.012725982244279465,0.1839615786163779,0.0019000947157290452,1.019348284152682,1.0094218996187776,2.753467297982907,0.003148171312261919,0.2011649581749402,0.17180618424042324,,,,,,,,,,,,,,,,,,,,,,,,,,,,,,,,,,,,
65,3.2966832254107084e-05,2.0833672997767705,0.5770504224052663,0.2701967452407545,0.1155093931504992,0.0471112273588755,0.021603179393138383,0.2806854857625588,0.12020470328636729,0.4829796082449378,0.19246262308076686,5,0.04080682047452657,0.0,6.005739269475456,0.6866288342671408,0.6669663758770086,0.012189288377266688,0.016751376130001168,0.6911150089327135,0.0012085124972956408,1.0234563003645605,1.0117488750961339,2.76080581441944,0.004376837075827507,0.1889429294158629,0.6870066365609633,0.18181474884146637,0.16462399581567558,0.01079504577955304,0.013252804317789487,0.17449848979702426,0.0008595208133259794,1.0259282730772332,1.01028225619442,2.756340180556736,0.0034349311087928255,0.2160559055720333,0.17209257241726073,0.03148475082514449,0.027981428814659797,0.011482838283984453,0.040378568157988584,0.03038016087417029,0.0007040429534144774,1.0285320125043675,1.025147411680646,2.795669443141943,0.0006344546069176314,0.14096110727236252,0.028709307334402585,0.1889590830662018,0.17112943186606464,0.01075294348333957,0.01189914880533645,0.18127435595185779,0.000870356175018973,1.025798088130781,1.0095389989586603,2.7543737074820998,0.003574955759620511,0.21981064447123327,0.1786821253150177,0.31701849092298096,0.28459579128101564,0.009339496553096389,0.01647070359219996,0.3240581830166824,0.0004740746780017954,1.026547247326609,1.0083290877710605,2.743107314830786,0.005075896789476977,0.23840516560618918,0.3249479781677098
66,3.2514570796761765e-05,2.080970186121285,0.5717695343636167,0.2653045647416117,0.11467433372785235,nan,nan,nan,nan,nan,nan,5,0.04019086198102208,0.0,6.068432833773225,0.6855457204801483,0.6649440781095929,0.012200435211418623,0.016848712663839253,0.6910781682344544,0.0014255179688369346,1.0227588569541763,1.0102506318085211,2.756970390221352,0.004407597655784369,0.1945107204763444,0.6869276549935971,0.1786373919181251,0.1632182710819734,0.013653770858732886,0.013546946827836363,0.17078501366633989,0.0007142930565293184,1.0276430895942577,1.010523620666538,2.757193169781019,0.0032947047350695767,0.21875840543471528,0.16840509302990006,,,,,,,,,,,,,,,,,,,,,,,,,,,,,,,,,,,,
67,3.205979784836378e-05,2.0735869551874853,0.5677798148936455,0.27140069148440993,0.11460843642221626,nan,nan,nan,nan,nan,nan,5,0.04015887983343014,0.0,6.085634440067273,0.6832191919418761,0.6621793246849319,0.012302961058068098,0.01666914153630614,0.6884623699085936,0.00118572484090451,1.025008764945685,1.0115384145083326,2.7606835177926268,0.004460782482548385,0.20053722412121083,0.6842621001744422,0.18372718871557508,0.16581197641432627,0.01301577140012355,0.013266833411597538,0.177035117299171,0.0010359498146500163,1.0264128946190823,1.0100181668394894,2.755962376119779,0.003431785928747032,0.2305063034047855,0.17042241394129104,,,,,,,,,,,,,,,,,,,,,,,,,,,,,,,,,,,,
68,3.1602688732541715e-05,2.0695224542080686,0.5644233443514048,0.26413698445379247,0.1125790811152509,nan,nan,nan,nan,nan,nan,5,0.040215168384690636,0.0,6.066222890151674,0.6816902700840155,0.6591680283564095,0.012398633154906883,0.016739266856159896,0.6876704319389979,0.0012640988689230255,1.0246279271646197,1.0101517518155239,2.7572311437215573,0.004550495202241497,0.2062402550305006,0.6832903130185375,0.17759581631312119,0.16115743469552027,0.012681549959646805,0.013123324312767392,0.17019241920656816,0.00115579653428079,1.0253004930225975,1.008436780835858,2.7517690768934076,0.003377622124346628,0.23411667609664588,0.16828233430212763,,,,,,,,,,,,,,,,,,,,,,,,,,,,,,,,,,,,
69,3.11434196735612e-05,2.0676056105209875,0.5601214868490956,0.2728667719456278,0.11499174606852251,nan,nan,nan,nan,nan,nan,5,0.04015245050460763,0.0,6.046662577154232,0.6812487518202752,0.6590454508553145,0.012070513304598405,0.016906615664518624,0.6873419428376647,0.0012881289175278,1.0243208487844053,1.009986362318754,2.7567304637555106,0.004430042829807973,0.21309534206997113,0.6823000016316576,0.18279058791074915,0.167540181605251,0.013088840479876226,0.01374661279730353,0.17571908488739385,0.000514437246153814,1.029555664798453,1.0112109961552571,2.7594290358085063,0.0032625947310718465,0.2387464030035307,0.17519716974914604,,,,,,,,,,,,,,,,,,,,,,,,,,,,,,,,,,,,
70,3.068216772838706e-05,2.0614933362255643,0.5575470449371016,0.2627471560660222,0.11265993522262986,0.046182130402078594,0.02129570897479675,0.272987450228989,0.11722814901697787,0.46379218026170316,0.18677978629950842,5,0.040482563361914484,0.0,6.004549285588949,0.6789521658467954,0.6569738951786478,0.012751782661026138,0.01687336087658098,0.6847076212888138,0.001287149992781379,1.0251782407447607,1.010613483788942,2.758407069594292,0.004250530536817795,0.21928406126255803,0.680688887139778,0.17636177019901217,0.1612754536640523,0.014067317059829278,0.013113566361493799,0.1693506448339111,0.000281443703095376,1.033670365435203,1.0140850499132663,2.767306489749683,0.0031164805431133486,0.24976592724477745,0.16786500104853094,0.03086839710005419,0.02769796236026265,0.01399053012174532,0.039732734697670996,0.03049009410482069,0.00025043960846030377,1.041426525123863,1.037850458911674,2.8317712184485133,0.0005932056157325558,0.1451081147508033,0.02786978197082973,0.18331519257254889,0.16764834491591157,0.014057864898762158,0.011782479166145577,0.175968947830444,0.00028373609585448964,1.0332825585552634,1.0128967802535918,2.7640832515839735,0.003242644315833795,0.25499881930638485,0.17433876305886417,0.3031683514279747,0.27375742984197926,0.012426952390639864,0.016886674850742873,0.3117102465354235,0.00010763406393081291,1.037410053618948,1.0143848778686666,2.760097189646559,0.004606504561197333,0.275303657591523,0.31418775122571446
71,3.0219110718424487e-05,2.05376493298583,0.5518666362384167,0.27230730015448185,0.11460518822381063,nan,nan,nan,nan,nan,nan,5,0.04006554820464465,0.0,6.020713193208687,0.6761429688256333,0.6538340264370547,0.01271121397824388,0.01684610635742041,0.6823415960461329,0.0012362916359221366,1.02599846203103,1.0112983671708176,2.7602319167754485,0.004200024576819342,0.22736603077944856,0.6787317091527021,0.18278072868040612,0.16757040481588723,0.014078770425120757,0.0132353210814569,0.17568347620545266,0.0009783550379033764,1.0258899598420996,1.0059253274556046,2.744791909511868,0.0031426987406634934,0.2607954788974841,0.1739900180368341,,,,,,,,,,,,,,,,,,,,,,,,,,,,,,,,,,,,
72,2.9754427160965525e-05,2.0508836564117754,0.5478837578921697,0.2690447718138878,0.11376459108806829,nan,nan,nan,nan,nan,nan,5,0.039649767014303845,0.0,6.018012715943033,0.6751319841590732,0.6519176099916216,0.012805166378148323,0.01682463280559293,0.6817663716487574,0.00125536236080045,1.0252951972349043,1.0096693183625884,2.755745019223532,0.004217653897225417,0.23926215257920178,0.6779841531816853,0.18143418709135653,0.16596507190423637,0.011530680349445037,0.013702893291362405,0.17296980459771572,0.0004336997175680873,1.0314333426709246,1.0073521009659603,2.7487422083129447,0.0032037988688458823,0.2848473490278602,0.17045739403000223,,,,,,,,,,,,,,,,,,,,,,,,,,,,,,,,,,,,
73,2.9288296200367217e-05,2.041539143490274,0.5424886788416338,0.2677773945836325,0.11264631272987095,nan,nan,nan,nan,nan,nan,5,0.03953658284356454,0.0,6.021743809485614,0.6720660667616682,0.6490662135405793,0.012925184504793163,0.01675350446467651,0.6788091878795871,0.0011917725336645468,1.025003121946935,1.0094479388981603,2.7548225768438286,0.0041486774942390255,0.2507987044311706,0.6748431061695235,0.18044273415025644,0.1655807880840188,0.012324052811207409,0.013350127133434237,0.17214841470568118,0.0007919767329814556,1.026630626777067,1.0052505949860984,2.7425163280140077,0.003310509171188577,0.28718224610856136,0.1698266180942279,,,,,,,,,,,,,,,,,,,,,,,,,,,,,,,,,,,,
74,2.8820897538988087e-05,2.041710027398749,0.5383985851408893,0.2876679119959226,0.11867465919380119,nan,nan,nan,nan,nan,nan,5,0.03973415999611883,0.0,6.017362837259776,0.6717487558551376,0.6481454467235775,0.012702501609699936,0.01659660604154762,0.6788748381873371,0.0010178763781911674,1.0263598834535352,1.0102027082587206,2.756815539723782,0.004151181593810453,0.26843735243542205,0.6756598643574835,0.1938180373130515,0.17817511590429258,0.013234138515141903,0.013578781809364528,0.18655741544416393,0.0008687334670162304,1.0264292385058529,1.003889024632381,2.7387440125817277,0.003441156875124931,0.31784580965162956,0.18250650997177775,,,,,,,,,,,,,,,,,,,,,,,,,,,,,,,,,,,,
75,2.835241136790944e-05,2.038664126892678,0.5323505097537554,0.2721933019633474,0.11344245825815825,0.05663552291489269,0.024630537599362193,0.28238860443805075,0.11788305640529091,0.47917046908028194,0.18634503505724212,5,0.039394223473801004,0.0,6.02763704358848,0.6706286701687391,0.6467644441040489,0.013320098346878978,0.016725431305213413,0.6781928242105201,0.001124300592212481,1.0252256515161342,1.0088641007226922,2.7528771671102543,0.004097637523455611,0.2856521842424673,0.67488116557782,0.18332527654815925,0.16940531811483064,0.012333990863708006,0.013200293177673846,0.17702709770989564,0.0010999821086579563,1.0244762547039574,1.0020487957487858,2.7333984579936903,0.002946191041527071,0.3361545091468461,0.17280653954974637,0.039940871085329246,0.0365025972310146,0.01009804085197779,0.03821113009126851,0.04242449014688027,0.002709360858652979,1.0217102962605233,1.0194982494929887,2.780298294494967,0.0008877036517979109,0.16078420157228734,0.030776849432413288,0.1901707328415835,0.17574800248250683,0.012441568550919985,0.011943390663189625,0.18335299835099464,0.0010213268815534708,1.0246145570739607,1.0011763255918429,2.7310534657723315,0.003049115424949149,0.344923025713873,0.17939690753604728,0.312730124864179,0.28278674705884144,0.01055287753587283,0.017417793768042585,0.32576257860578234,0.0006816811609133039,1.0237796339195009,0.997207648049943,2.712874712592114,0.004455627361151728,0.3618531991227756,0.3257940358274224
76,2.788301829746826e-05,2.033037246661021,0.5278061191108308,0.2563020299153018,0.10855862786431843,nan,nan,nan,nan,nan,nan,5,0.039416121502837576,0.0,5.956537461072471,0.6686851891282799,0.6443492116656462,0.013555207910593083,0.016679357354393746,0.6766414042572241,0.0010670812200054322,1.0268028683293966,1.0099967567760442,2.7557708611077167,0.004016151036336419,0.305305971266624,0.6731648733049018,0.17194196959017574,0.15854852327546004,0.014798068930389669,0.01294681490042529,0.1654534955644954,0.0009274138766051282,1.0277390705367753,1.0032196111201352,2.736377632531585,0.0029184582509953665,0.35823548144483924,0.16377330986589522,,,,,,,,,,,,,,,,,,,,,,,,,,,,,,,,,,,,
77,2.7412899287628513e-05,2.0254639839315005,0.5237613104620706,0.267425376365311,0.11188467400702488,nan,nan,nan,nan,nan,nan,5,0.0390487284728195,0.0,6.034879621824391,0.6660241926846716,0.641753027744215,0.014139132717342113,0.016436861216845546,0.6742638345205605,0.0011305285829499225,1.0272175467022862,1.010432583428706,2.7567375107077,0.003932983052183999,0.32004150344240795,0.6709829276066965,0.18021882743213546,0.1651852503220781,0.014481522353091296,0.013330952884575519,0.17262204032871573,0.0004235580668787886,1.0337967656416414,1.00589558912935,2.7434566832699394,0.0031629314058314157,0.40801616199408963,0.16937767869410283,,,,,,,,,,,,,,,,,,,,,,,,,,,,,,,,,,,,
78,2.694223557821763e-05,2.026614414199906,0.5174623653840846,0.2621148227222054,0.11261166937002169,0.05775567268923039,0.028570946566629448,0.27205800847221523,0.11681371627794589,0.47777348543273307,0.18369193162236894,5,0.039445036381341114,0.0,5.915692393558927,0.6661414258118654,0.6400971557697733,0.013768757831853093,0.016376352170047303,0.6749936023805775,0.0012597131773410038,1.027441387470233,1.0089925197322906,2.7525920591658095,0.004113522793255965,0.36207446360355233,0.6718858242231232,0.1770846169629321,0.16345309633959382,0.014830679994368526,0.013070972310647664,0.17022054486042132,0.0005990350017366981,1.032546447766371,1.0067541789140657,2.7453862086227074,0.0028605672495895327,0.43145440438227534,0.1650229012303079,0.041694943656359514,0.03869479007323418,0.014492151560888383,0.04038197928254981,0.0409915453080212,0.005520557126431695,1.0140816431710795,1.0106225481242577,2.755622108686886,0.0006859129640697674,0.18400465596958462,0.02886988513728423,0.1836509471482753,0.16944784775576813,0.014858058276562136,0.011697249775843032,0.1764387298642022,0.00035701230347082586,1.0334696886500472,1.006560757812124,2.744874408019549,0.0029692975166260493,0.44382686776839486,0.1716911337656206,0.31045949546219104,0.28085593516501467,0.012719309583698617,0.017452024012228437,0.3305971957920027,0.0005043507812958815,1.0317760004171999,1.0002163944184703,2.7208334249209165,0.004375270332340802,0.4653587013315835,0.32736972651903
79,2.6471208619055056e-05,2.0208003443841513,0.5125978816144848,0.2563585628062345,0.11030341272876092,nan,nan,nan,nan,nan,nan,5,0.03933014258682368,0.0,5.905823703861048,0.6642266304214113,0.637275596772833,0.01375185217969647,0.01679227135388246,0.6734972645554516,0.0011121279433462387,1.0291256055582985,1.0106099365550056,2.756821646311282,0.004097873704512087,0.385365315233478,0.669980028301255,0.17215596494631816,0.15874172340106135,0.014124924532464795,0.013687598822595926,0.1652680618703501,0.0006485246297302455,1.0322230191403787,1.004791312255502,2.7397675297468056,0.00284236521329934,0.4634998327427219,0.16351817603452076,,,,,,,,,,,,,,,,,,,,,,,,,,,,,,,,,,,,
80,2.5999999999999978e-05,2.017711132152373,0.506954229751538,0.2687179952665115,0.11445150462723315,0.05462797496894259,0.026021753647138157,0.27920002705165997,0.11887298220335586,0.48900109665837327,0.18154564671247336,5,0.039242312355813214,0.0,5.905384504240841,0.6629474416112477,0.6341245502251185,0.0139537376505021,0.01690842222249889,0.6725948674843478,0.0013323055126681525,1.029152746367032,1.0088752404937325,2.751892068003719,0.004234849005016273,0.42415588372397095,0.6694984495004929,0.18173309819994868,0.166276877329503,0.01454300051426976,0.014359115037259517,0.17496447712240282,0.0011498201755526546,1.031103227526072,0.9996396425777344,2.725558477971338,0.0031741288739610754,0.5360658715025574,0.16885677958171427,0.03946843829227269,0.036318701928544306,0.013823669917397224,0.036836950226776154,0.04072646179420192,0.0032075963226939133,1.0202657705211067,1.0173480729685638,2.773378624646616,0.0007780879818986854,0.2038305220828987,0.027345289529616037,0.18869306981760975,0.17255652097386373,0.014588050937734635,0.013225084721727466,0.18145086231142363,0.001049146957586559,1.0316450981105787,0.9987542198213132,2.7231674661519882,0.0032939300734759506,0.5526776327511411,0.175797510625067,0.3154498665019979,0.2815098220938282,0.01233384083195987,0.02056798741404718,0.3498893263341797,0.0006103556391465115,1.0306869434497457,0.9923197555295032,2.6995887754289662,0.004742354357220799,0.5785971341021986,0.33980311126314366
81,2.5528791380944903e-05,2.017617966562002,0.5047284512148497,0.2649540764121776,0.11414301511476728,nan,nan,nan,nan,nan,nan,5,0.03954883749710462,0.0,5.90167999904667,0.6627249912124248,0.6332632211751384,0.013823377646204822,0.01702675360257244,0.673343175275369,0.0013721297370502736,1.0281858680399047,1.0075545611469812,2.748039655368865,0.004155127671574487,0.46943073902542776,0.6698151964271706,0.1777980793265175,0.16264543629481903,0.01566840839829558,0.013754441930487244,0.1702788029489009,0.001164011004322483,1.0316259717674785,0.9988271571151833,2.7229667663503716,0.0031555416289845077,0.5834663486517374,0.16917059550937982,,,,,,,,,,,,,,,,,,,,,,,,,,,,,,,,,,,,
82,2.505776442178234e-05,2.005819303326061,0.4997471630307819,0.27985708096651535,0.1220280411307455,nan,nan,nan,nan,nan,nan,5,0.03899240855972915,0.0,5.859329421586327,0.6586062414908985,0.6274886348663113,0.01403792718712171,0.01682295149547895,0.6694388403050073,0.0015453616733678518,1.0278425383831469,1.0057112803115544,2.7428016971516094,0.004200308106842262,0.5191259642352527,0.6664565014041017,0.18946817466210272,0.17341571031474565,0.015681022841770982,0.013671686718665104,0.18544929182892186,0.0009280306928981213,1.033161608834479,1.0007498792176146,2.7277836779584748,0.0032723163928602274,0.6353340315294247,0.1754308401858831,,,,,,,,,,,,,,,,,,,,,,,,,,,,,,,,,,,,
83,2.4587100712371443e-05,2.004435129696472,0.49972617815438086,0.267256722307894,0.11878615547430157,nan,nan,nan,nan,nan,nan,5,0.038967446323219024,0.0,5.77787593885275,0.6577431006822657,0.6246385492282381,0.014353398737619974,0.01688701640793598,0.6699588547115551,0.0016269370867332345,1.0282492841870021,1.0041950086842113,2.738427732616145,0.004272497111531465,0.5956053747958586,0.666824507437626,0.18152321769411997,0.1666452131299352,0.014516136048351579,0.013409582463372332,0.17396715129865675,0.0015139848608875569,1.0319771583271282,0.9953547655367522,2.712792261726144,0.0031175198523844304,0.7618930172961823,0.16635374030004738,,,,,,,,,,,,,,,,,,,,,,,,,,,,,,,,,,,,
84,2.4116981702531706e-05,1.993318026200696,0.5008021792886036,0.25962433007695007,0.11606271633740155,nan,nan,nan,nan,nan,nan,5,0.03916884795009125,0.0,5.810506602134856,0.653575908756908,0.6188507095707173,0.014357292123401325,0.01696165237386871,0.6669698172165591,0.0019088309970730567,1.0268922991187857,1.0006184440064296,2.728555670136486,0.004274194657758268,0.7031572326475134,0.6641041154618393,0.17416276212142848,0.1602134200425004,0.015540861887955636,0.01362981849905546,0.167552919019459,0.001699279919544141,1.0296202558893996,0.9939693904491991,2.7085495760634215,0.0029379054176196387,0.8642532426777874,0.1658242144027897,,,,,,,,,,,,,,,,,,,,,,,,,,,,,,,,,,,,
85,2.3647588632090525e-05,1.9896133945239096,0.5016488929530658,0.2637907797146983,0.11582514296069371,0.052823629619369004,0.02448838092887952,0.2741967261718485,0.12039199200242331,0.462084687837867,0.17603382241844256,5,0.038681157979372646,0.0,5.7589708418402115,0.6519322830552658,0.615841767539114,0.014298622191218678,0.016956679756681466,0.66649579178133,0.0019211775800871491,1.0282650664359683,1.0013716485327806,2.7303111617956506,0.004343256717211587,0.7894664598483602,0.6638499195317353,0.17743464837453723,0.16291987408131778,0.01404975252430067,0.013929787570045024,0.17147724848275533,0.001591519492617053,1.0329536250655873,0.9967006465866772,2.7155447884603148,0.003097426503898696,0.97022255122614,0.16770663265000393,0.03814744962881722,0.03454754039509478,0.01439192305272551,0.03543283599250511,0.03887868934513199,0.003572800760339584,1.0183872029441308,1.0132508338497086,2.760163897447422,0.0007250930631163705,0.3534015019730588,0.026370647949995746,0.18433262658585575,0.1692444019412876,0.01403689795702116,0.012841262371982754,0.17784455692921086,0.001497256740607366,1.033681948797423,0.9958731381445537,2.7133138326551327,0.003216042498073033,1.001063600381051,0.17462290632381766,0.2903417615211108,0.24860231838493344,0.012057916992808216,0.020618205522273475,0.35840091679725966,0.001272937735517734,1.0308625931157396,0.9877294069433398,2.687979631502154,0.004671029389649388,1.04113166616248,0.3368447320210198
86,2.317910246101188e-05,1.983920893499998,0.501093947131854,0.27592876866804866,0.12155729150690664,nan,nan,nan,nan,nan,nan,5,0.038529728353910796,0.0,5.7485762042863655,0.6499934146107211,0.6139251711511726,0.014081606137946926,0.01709080212706538,0.6655848548058377,0.0019097298781546976,1.0297032797322752,1.0032209006809276,2.7349265034850228,0.004371409360456836,0.871506901766123,0.6621232461905784,0.1862803707316297,0.1723862755896829,0.015726491173057158,0.014058646260497909,0.17977284080895772,0.0012595453218268654,1.0351579934449369,1.0028976375264151,2.7319442100879106,0.003028249127334158,1.011773347710789,0.173944867262698,,,,,,,,,,,,,,,,,,,,,,,,,,,,,,,,,,,,
87,2.2711703799632753e-05,1.9781503668201303,0.5006992944809872,0.26177549719383947,0.11552596938453386,nan,nan,nan,nan,nan,nan,5,0.038870313825143166,0.0,5.71547459547834,0.6477352339633629,0.6121422687933918,0.014132153217610341,0.017052916014668625,0.6634303070958717,0.0015394571346055942,1.0316962855006793,1.005942506530006,2.742053634679644,0.0041999897272836356,0.9162932719984882,0.6608471426296699,0.176321291392286,0.16290364009914102,0.014197225539030764,0.013842058488101919,0.17131059934105397,0.0010527418394784133,1.036871490816364,1.0038490959689002,2.7342289428988438,0.0030725776167672314,1.0589378017513016,0.16591166640414096,,,,,,,,,,,,,,,,,,,,,,,,,,,,,,,,,,,,
88,2.2245572839034445e-05,1.9791416237161188,0.5002097760956664,0.26388402432974417,0.11707228729353476,nan,nan,nan,nan,nan,nan,5,0.03858150125426114,0.0,5.711148489070744,0.6481344622144488,0.612378339574704,0.014465859736367716,0.016989601644662313,0.6644564770226687,0.0016255866816462404,1.033011366273913,1.006767206082331,2.7441504341524814,0.004270233365462121,0.9439018334486453,0.661057435697193,0.17777394957801446,0.1652672194840498,0.015684528227881286,0.014119076799901724,0.17314915141713652,0.0020223416458673813,1.030729505081407,1.0002262748619897,2.7240374039471367,0.002791163714091556,1.076195588015148,0.16698307597874593,,,,,,,,,,,,,,,,,,,,,,,,,,,,,,,,,,,,
89,2.178088928157547e-05,1.9728917146151679,0.5000956935966501,0.2665518901046504,0.11734579822604468,nan,nan,nan,nan,nan,nan,5,0.03855479330558799,0.0,5.7261578126064,0.6458481262925063,0.6108492524278538,0.01497125773769497,0.01690675944191348,0.662495403446724,0.00167786448864908,1.0315685708394682,1.0065295751534131,2.7432439624062606,0.004163589393418971,0.9660356188620912,0.6593651402659771,0.17909681001388333,0.16532974076601714,0.015400561430225553,0.014355390681549883,0.1730857415337218,0.001505746662678508,1.0346428316764789,1.0006295345756457,2.725068838054814,0.0030368460482246657,1.1368749511606058,0.16971617191523217,,,,,,,,,,,,,,,,,,,,,,,,,,,,,,,,,,,,
90,2.13178322716129e-05,1.9663966378235516,0.49920166161337437,0.26104793205650617,0.11547553751625492,0.04686895897301599,0.021204952597448458,0.27160462429202187,0.12018906730119794,0.44828547337315544,0.17295012684168362,5,0.03861486095252902,0.0,5.758719382900742,0.6434889361596777,0.6081225400893795,0.014918559807544713,0.016804593460663524,0.6600065112623751,0.0017397869900116715,1.0315289915219654,1.0066142342738946,2.74336227141199,0.004157886845725842,0.9685758809324425,0.6576358154889073,0.1750511040470272,0.1620799650120951,0.016215188791071238,0.012966434069970487,0.1694581833015326,0.0013611947282780007,1.0368130099883743,1.0038084609897617,2.7336094125206842,0.0029438233599372978,1.123411970881365,0.16681676145846683,0.031715722693601914,0.028637167202670046,0.01603210618851706,0.03556169147642348,0.03142238179488943,0.0027919897576938616,1.020717518523573,1.0156105300600893,2.7655595920367704,0.0006209684836357613,0.43660303269624956,0.027307605726597742,0.18214221373302206,0.16866125578725838,0.0162263555828458,0.011823968525202507,0.17611028140967144,0.0012924973714024011,1.0376177933230406,1.0032183608138223,2.73201191490764,0.0030599667932633854,1.157752424301111,0.1736407808455787,0.2818155796795659,0.24438814643286505,0.014198029036788422,0.01958314009150671,0.3487498257429784,0.0011536474844113629,1.0353637087895637,0.9973623652781296,2.713841227966493,0.0043302504446765065,1.1941457516580087,0.3261944231740812
91,2.0856580326438764e-05,1.968488978264908,0.4997859844294423,0.2608992088961849,0.11589253537307723,nan,nan,nan,nan,nan,nan,5,0.03848039212444115,0.0,5.7404482440543685,0.6442062204315585,0.608544930407621,0.015233057711849032,0.01659007628545519,0.6610450387469672,0.0015764291567541351,1.0343481987321865,1.0087495705320662,2.7492039438002993,0.004179030242500832,0.9891850448378362,0.6582913959076895,0.17507412683018336,0.1628839796200863,0.016142859505787727,0.013428488734878341,0.16924423973577854,0.0011396304552857021,1.037509790641995,1.0063913743295785,2.7404770581039863,0.0026740075188126594,1.0969995754877708,0.16646404298607947,,,,,,,,,,,,,,,,,,,,,,,,,,,,,,,,,,,,
92,2.039731126745825e-05,1.963009508469684,0.49885383823223756,0.2620472971413297,0.11537035978473713,nan,nan,nan,nan,nan,nan,5,0.03834404118285733,0.0,5.75328479419398,0.6422190867151925,0.6066964971255343,0.015297883197545286,0.016373703259234464,0.6592195561725819,0.001539321066574053,1.0340174414921282,1.00892788559605,2.7495421043358945,0.004130340316924648,0.9883366020713541,0.6568497649283471,0.17725721192184726,0.16479086794114908,0.016863116472962823,0.012946566105330438,0.17298660840005564,0.0014499543632504389,1.0370379087055448,1.005567450783108,2.7380091622744565,0.0027968747270823596,1.1006450962977319,0.16428111169932175,,,,,,,,,,,,,,,,,,,,,,,,,,,,,,,,,,,,
93,1.9940202151636192e-05,1.9577124706550015,0.49856270143838044,0.2593619080164722,0.11514001942942552,nan,nan,nan,nan,nan,nan,5,0.03825201642328249,0.0,5.731096622194339,0.6403563575733525,0.6049021828322675,0.015933979862495406,0.016415088556544426,0.6575638474136356,0.0014431302712031382,1.036201209465016,1.0107574829470036,2.7544869135593544,0.004134241706078736,0.990212603060791,0.6552718880399399,0.17431916145024917,0.16125656012491404,0.014726612458829712,0.013996872126911922,0.16823470751217715,0.0018095065751033545,1.0394139436649381,1.0047342369634473,2.735734049160025,0.0028289558941611147,1.1440487500723537,0.1650353835338632,,,,,,,,,,,,,,,,,,,,,,,,,,,,,,,,,,,,
94,1.9485429203238194e-05,1.9553993543919679,0.49840575619031535,0.26004219980980425,0.11617635276314987,nan,nan,nan,nan,nan,nan,5,0.03839396106034247,0.0,5.719689106939746,0.6396601410218536,0.6043678232984474,0.015843642970413612,0.01655140049599494,0.6567562080217649,0.0016855914202069167,1.0335472604295652,1.0087274042252476,2.748729524664525,0.004080491800870134,0.9929426539095495,0.6543301084327356,0.1743575894681383,0.16193786406154292,0.016716925009341965,0.01332319249998361,0.16847280512298976,0.0013827171324550973,1.039264181992253,1.0074336117367313,2.742943467739103,0.0027698155711129717,1.108336322635494,0.1661369989074785,,,,,,,,,,,,,,,,,,,,,,,,,,,,,,,,,,,,
95,1.9033167745892886e-05,1.9525098406478918,0.4975047752104291,0.2575377995716453,0.11524999054274321,0.04481987995165916,0.02190491512465603,0.26804939586956833,0.11991722053868063,0.44778650812563525,0.1743360156925732,5,0.0381428428618074,0.0,5.738634936813319,0.638744784500457,0.6030648374875618,0.015716178375403452,0.016484213141707168,0.6560548835707464,0.0016853440091902229,1.0352184607466863,1.0096867990238558,2.751354045755954,0.004170430375238571,0.9959197599946554,0.6533616982092942,0.17351007065781612,0.160267872345505,0.015837975069586358,0.01334540878488682,0.16760808186378146,0.001428071322369592,1.040231873013561,1.005279093248091,2.737027134933255,0.0029787581868588246,1.1375354651609233,0.16294227152455618,0.030877281676363288,0.028234563660415598,0.01782473004680444,0.03549675159796354,0.03055674956066222,0.002635939875850888,1.022666502591123,1.019100354468445,2.7745649587389996,0.0005087662896073358,0.4305837408365164,0.024722659838474752,0.1805950894832759,0.16681404480145007,0.015739171209557534,0.012224194429393783,0.17422111299745638,0.0013710146026405833,1.0411101389029978,1.0045880267625515,2.7351502313951457,0.0031022590781477014,1.1728830890679207,0.1696990902875181,0.2816006186312522,0.2433738022573199,0.013453768520428283,0.020790300342460544,0.34785805410115844,0.0013896608272994265,1.0409530766009256,1.0002221566209724,2.7219401710651843,0.004402450016895884,1.219734328596768,0.32568752676904533
96,1.8583592135001247e-05,1.9495666228354762,0.4972199429201168,0.2636299424022582,0.1150077491104171,nan,nan,nan,nan,nan,nan,5,0.03807592145586969,0.0,5.694952717770402,0.6375421557341971,0.6018609754229217,0.01536719134603868,0.01632407238022384,0.6553601855996022,0.0016364864189718422,1.0356743987505046,1.0096869986518928,2.751278252932327,0.004211880632704229,1.006177272164967,0.6529012560590051,0.17787923003822653,0.16347823829577132,0.013390062321214844,0.013382320300558801,0.17109589811666637,0.0012629467696616903,1.0442018592350937,1.0088562936197947,2.7466547036694795,0.0033169058173561426,1.1758552342151825,0.166574689837997,,,,,,,,,,,,,,,,,,,,,,,,,,,,,,,,,,,,
97,1.8136875690519342e-05,1.9482519035410368,0.49604523492042246,0.25777994277391464,0.1151516469270339,nan,nan,nan,nan,nan,nan,5,0.038009407104186294,0.0,5.727238024684783,0.6372330374737682,0.6015447169479248,0.01586719229952624,0.016254738423607102,0.6547708807124948,0.001775768738074862,1.034292416037948,1.0092010318203317,2.7497598620915853,0.004138250758243309,1.0032320422663412,0.6521702077812581,0.17331999228734007,0.16040740506235238,0.015847025929477617,0.013373544199479942,0.16616984071829072,0.001694468058733375,1.036414818274163,1.0045075913837274,2.734630544517635,0.002956856925860737,1.1333297164963918,0.16379180085425663,,,,,,,,,,,,,,,,,,,,,,,,,,,,,,,,,,,,
98,1.7693190630140157e-05,1.9431762520055011,0.4956262745749833,0.2571832715774071,0.1133508123314003,nan,nan,nan,nan,nan,nan,5,0.03817902744477635,0.0,5.715761420356154,0.6352156376715826,0.5991077119792431,0.015861790243589965,0.016512698075613747,0.6532955674673038,0.001787642735093249,1.0348222187322116,1.009219444863152,2.7498577701398745,0.004175706243859603,1.003467492031407,0.6511390824871132,0.1724162774659255,0.15985479552587295,0.01552809187627695,0.013613671353307976,0.16641608163387012,0.00140247588081811,1.0392664840932988,1.006695429277007,2.7405037778025316,0.002775076051272751,1.1437173495890667,0.1644557097049144,,,,,,,,,,,,,,,,,,,,,,,,,,,,,,,,,,,,
99,1.725270800290039e-05,1.9406558110472611,0.4958062304520391,0.2616536093399047,0.11579631830606088,nan,nan,nan,nan,nan,nan,5,0.03816400533139552,0.0,5.772444901943827,0.6345626754909058,0.5983484876930261,0.015974912017753515,0.016428666153624455,0.6523792683715659,0.0014814102772346847,1.0366565045199383,1.0107590509033282,2.7539917886345306,0.00415378526776679,1.0109610054666536,0.6499453723706642,0.1756830272778869,0.16273426589175627,0.01715889711321946,0.013432854761225188,0.16952686091379832,0.0015180421457624107,1.03898601930604,1.0053025218121145,2.736708435029603,0.0028683925550095574,1.144053798517555,0.16664121076317037,,,,,,,,,,,,,,,,,,,,,,,,,,,,,,,,,,,,
100,1.681559762323783e-05,1.9420444715461382,0.49618572771834735,0.26141880276579144,0.11754419771232262,0.04482657371088477,0.021494409255182194,0.27209243443041353,0.12234668665669074,0.45771456973198726,0.1760673278851863,5,0.038281275636487144,0.0,5.713886174677464,0.6349486520976375,0.5988615201117661,0.016372763811057362,0.016396905215342445,0.6528417809498261,0.0015398981694583094,1.0359269134241098,1.0102199374403482,2.75247944386629,0.004135152138941555,1.0066346150779637,0.6504868759016356,0.17612102473476937,0.16315285993785844,0.01621603582491823,0.013921964382138358,0.1697904335459984,0.0016566775983000907,1.0387209147659937,1.0038956977796043,2.732814200406636,0.002887996545439429,1.1718878231004308,0.16536618903740655,0.030692341123597516,0.02823665688229604,0.018707840357425357,0.035280866043873885,0.030723347527205735,0.004112359631518983,1.0160123604371962,1.0130124124871651,2.757432632163997,0.0005099820005305495,0.45974991218911965,0.024962835752909734,0.18332627389759681,0.1698283566557036,0.016101874331927304,0.012840761574522306,0.1765136804622144,0.0015363924685557698,1.0398563463212638,1.0034398686597126,2.731583307896359,0.00300689656527829,1.20749471590401,0.17220729526477035,0.28707220839448255,0.2470291642874904,0.013579405808035907,0.021983675244290433,0.3585024413925643,0.0017856347696581533,1.0391453565787694,0.9992659856494152,2.7191963575500635,0.004173831840057407,1.255890323161873,0.3344750899723444
101,1.63820280055246e-05,1.9396949835412483,0.49623428907341677,0.2635742055330573,0.11694102935598967,nan,nan,nan,nan,nan,nan,5,0.03798440111855435,0.0,5.730616740300232,0.6341645896810008,0.5972590623898671,0.016199508754498958,0.016501993160071872,0.6522764879165399,0.0015965605088890608,1.0360903164681021,1.0093719458939514,2.7501890768680197,0.0042122572586158384,1.0185924539012503,0.6498098909355118,0.17732618440490205,0.16516926550883151,0.015300880820182605,0.013576191818346515,0.17216381874157655,0.0015448684198619276,1.0378352974055982,1.0073061868406066,2.741952778935824,0.0026748454388653285,1.119678392401677,0.16732924952184328,,,,,,,,,,,,,,,,,,,,,,,,,,,,,,,,,,,,
102,1.595216629910172e-05,1.933753858101889,0.4938030392798348,0.2568973044629889,0.11515198438953393,nan,nan,nan,nan,nan,nan,5,0.0377309195743386,0.0,5.7378168405413765,0.6320717787992342,0.5959540491397318,0.0162227958664147,0.016428297314592232,0.6505242578657775,0.0016783894214212464,1.03523894360952,1.0097074142045364,2.7509241907199917,0.004124520078203171,1.018921975949394,0.6481270550268229,0.1721933690141517,0.15947105467930217,0.017332269976002963,0.013379452040280015,0.16571184689492524,0.0012289474989834552,1.0424019639057809,1.0085057300646647,2.745182830696502,0.0028519277460102004,1.1724397474091477,0.16416847636885135,,,,,,,,,,,,,,,,,,,,,,,,,,,,,,,,,,,,
103,1.552617822383978e-05,1.9299692197125204,0.4932569138114067,0.26403175386643074,0.11672754156774401,nan,nan,nan,nan,nan,nan,5,0.03785474475333611,0.0,5.722311661875313,0.6307900181744883,0.5950517549102964,0.016692183408508695,0.01642496428951535,0.6488957539205137,0.0014795868650157474,1.0369219289749705,1.0116784563809154,2.756218726191909,0.004071488387266127,1.0228574738345404,0.6468603049539402,0.17794820753471988,0.16420968363290847,0.01648955480345262,0.01390475318766442,0.17084963643640236,0.0016337557456792638,1.0410982219522213,1.006072066890378,2.7385379607953055,0.0030396189577817485,1.1986757700188824,0.16689049839457018,,,,,,,,,,,,,,,,,,,,,,,,,,,,,,,,,,,,
104,1.5104228006250864e-05,1.9330072470193576,0.49407117844427983,0.2684373808069437,0.11902672246926484,nan,nan,nan,nan,nan,nan,5,0.03778658914376106,0.0,5.721187205453242,0.6317808006155412,0.5951772770263942,0.01638957567513121,0.01668424249250095,0.6500463794873692,0.0017055425636088317,1.036341745940628,1.0102077411034518,2.752236802675731,0.004204869729900482,1.0377304355676384,0.6479439272240763,0.18131713712716344,0.16882406955309318,0.016741382893448415,0.013750785344370386,0.17517052325184476,0.0012716246395778979,1.041679206545068,1.0087197820943659,2.7456538782363125,0.0028357280300680683,1.1440445208234353,0.1688639872472978,,,,,,,,,,,,,,,,,,,,,,,,,,,,,,,,,,,,
105,1.4686478316176043e-05,1.925987348995768,0.49291841877328707,0.2573883752803382,0.11575253610989279,0.04630231176707543,0.022327771181862587,0.2677440894992424,0.12042377058170617,0.45118235724981764,0.17609892240502376,5,0.0378033302831196,0.0,5.729157574574093,0.6294270974424522,0.593147635472038,0.0163664693332793,0.016570571876156123,0.6476966796884305,0.0014757186444507417,1.0382014739163294,1.0120464097648927,2.7572351289910273,0.004158532520416046,1.0266470442263187,0.6456824530030469,0.1730832824533031,0.16033416935166014,0.017837590290594875,0.013589929182539139,0.16678115997366413,0.0014201008191753544,1.040899433225158,1.007587277880439,2.742507208280921,0.0027889366609313137,1.157351440705409,0.16329114102238043,0.032047949105044674,0.029735199882238456,0.019522076789416948,0.03541785351295102,0.0320987725983962,0.003041188417332599,1.0200786263916561,1.017428459688833,2.7691712609928505,0.00052052263250822,0.46038662374599504,0.025131809025928858,0.18003090156664442,0.16676387706249057,0.017757436397917842,0.012485889474794043,0.17325959053734918,0.001342094021232102,1.041940473147096,1.0070952199848264,2.741174000146053,0.002902357437308778,1.192199676657187,0.1700119532466157,0.28366237317996135,0.24315410658209088,0.015552141055316826,0.021743360103337505,0.3492067403766581,0.0018402722030701208,1.042078369590914,1.003500175208535,2.730963937362618,0.004079077103511656,1.2396362591880532,0.32811318484870944
106,1.4273090204073066e-05,1.923884236651525,0.49281832690185884,0.2650190586282969,0.11718368140662955,nan,nan,nan,nan,nan,nan,5,0.037594941287271526,0.0,5.7336412496364035,0.6287152964714829,0.5923963281078642,0.016896162495669734,0.016573428536196793,0.6469480587140354,0.001974999169770835,1.0347085536092542,1.0084569080204222,2.747307852249005,0.004159242702274683,1.0238503692305123,0.6449866550857414,0.17828056759647387,0.16463632835612016,0.01733489828867516,0.013650473138699116,0.1715706632322509,0.0011758372343033602,1.0463178936556758,1.009744998278354,2.748411296356379,0.003038870772434101,1.1891732803548563,0.16813072261766557,,,,,,,,,,,,,,,,,,,,,,,,,,,,,,,,,,,,
107,1.3864223038928362e-05,1.9254750648292396,0.4925148755798279,0.25700006124673097,0.11585735506990193,nan,nan,nan,nan,nan,nan,5,0.03765756136531541,0.0,5.70841965673623,0.6290399733920832,0.5921995594512937,0.01676736620737277,0.01661232419013464,0.6482925842820589,0.0015942707526174615,1.038202081008395,1.0114497885228186,2.755512434556631,0.0041795322727477295,1.0306563741447734,0.6459468617269696,0.17235355201390268,0.15972001984110462,0.016950773293720384,0.01350149330129084,0.16604475421529669,0.0015167601711060714,1.0406127324013925,1.005744564897027,2.7373421723645848,0.002795373643672314,1.1645099603513247,0.1640728406964363,,,,,,,,,,,,,,,,,,,,,,,,,,,,,,,,,,,,
108,1.3460034446817218e-05,1.9178590386920968,0.4909830782473603,0.25891151221967357,0.11613564844767509,nan,nan,nan,nan,nan,nan,5,0.037566513045729076,0.0,5.7627161047879,0.6264894522861967,0.5901772934530909,0.016988005633547045,0.01647709895105909,0.6450341690146362,0.001811614605003594,1.0367606467318216,1.0106711331931222,2.7532973901521465,0.004093375834224876,1.0287975103807447,0.643462484238897,0.1740817938157603,0.16103659664227918,0.017099020819178308,0.013687219830079455,0.16746200290761798,0.002203591723655833,1.03747200136771,1.0027499773425008,2.729147314240636,0.002929887615518137,1.1700240045457186,0.16436691545541568,,,,,,,,,,,,,,,,,,,,,,,,,,,,,,,,,,,,
109,1.3060680250135994e-05,1.916617234301126,0.49079036785923313,0.2602693649612934,0.11574362159906897,nan,nan,nan,nan,nan,nan,5,0.03778605526936827,0.0,5.752587103718509,0.6262107275111525,0.5898561629307492,0.016636559038027847,0.01634602533600126,0.6447697908680233,0.0018209921304891943,1.036652264453977,1.0105602945181664,2.7529281761069493,0.004157193339798497,1.024284379745591,0.642778042445043,0.1752892461773998,0.16204480857228099,0.01733005511950011,0.013874170039508756,0.16864923970139237,0.0012365458485792623,1.0449493702889814,1.010255644126643,2.749678185498175,0.0029238427630640675,1.1674481500177551,0.16465938967889546,,,,,,,,,,,,,,,,,,,,,,,,,,,,,,,,,,,,
110,1.2666314407529536e-05,1.916680772415487,0.48953777493018985,0.2519336633603006,0.11419195039840313,0.04186837626148815,0.01960263340867928,0.2622323008159554,0.11892140996453679,0.43867450551864245,0.1734980777369062,5,0.037547845594340136,0.0,5.711005061546889,0.6261151789002426,0.5895623188435587,0.01660848734639371,0.016491475745269824,0.6448307960029385,0.001685327016338128,1.0385586432551566,1.0119476303952046,2.7567868727114764,0.004178867804464706,1.0304214439955464,0.6430915026932489,0.16874448387812907,0.15643078799941945,0.017896330112053088,0.01361982018444506,0.16277676743801436,0.00163018694154372,1.0404953976069766,1.00685016870548,2.7401612455221565,0.002748511464450114,1.1773592901726198,0.16112250643504852,0.028100710154764154,0.02590148125705179,0.019924942504740285,0.0350555460158249,0.028222139688955532,0.0031070956104182292,1.01986909167314,1.0176342748850429,2.7694427289175114,0.0004437423574006024,0.4630379126916339,0.02419941242027791,0.17566909561614225,0.16284505601083238,0.01779741870400156,0.012536573272080458,0.16933127475362267,0.0015567078155644726,1.0415267099768595,1.0063109655642801,2.738697174901771,0.0028637493274068023,1.2130753546150002,0.1677767691576957,0.27492235176808677,0.2371961372901666,0.015353946583598762,0.02224847388742785,0.3364060239244958,0.0020978872076016166,1.0434377972916071,1.0037916786052257,2.7316875033816954,0.0040445943775715,1.2687117815223499,0.3206960998433749
111,1.22770889545373e-05,1.9114764262803408,0.4897983863113438,0.2626036411043168,0.11703308644560569,nan,nan,nan,nan,nan,nan,5,0.037495723676511404,0.0,5.734652371994796,0.6245314911355266,0.5883267330976957,0.016931891320113225,0.0164827175533348,0.6431151803052494,0.0017286465684305998,1.0375149031450777,1.0118084482981042,2.756294122608208,0.0041191119576783055,1.0310801722241054,0.6410557758763489,0.1768939112574034,0.16484660363546844,0.017327029546324264,0.013190284951356159,0.17103071384296928,0.0016039308112945688,1.0398495697497856,1.0069131825589752,2.7402961992690815,0.002725290942452265,1.1408997485486578,0.16606186278128915,,,,,,,,,,,,,,,,,,,,,,,,,,,,,,,,,,,,
112,1.189315394498064e-05,1.909266111073756,0.48875049553989597,0.25570030498149304,0.1149094541283137,nan,nan,nan,nan,nan,nan,5,0.03750043000296016,0.0,5.708488715610819,0.623648335133039,0.5874377573227704,0.017287940192265528,0.01642686598460792,0.641910738718522,0.0017908315397078978,1.037072600603418,1.0112627150945017,2.754762324031855,0.004070839386898896,1.0327416644817438,0.6405916367039407,0.17173497111304098,0.1593966168847055,0.01708646965894654,0.013246003755297763,0.1658631436015852,0.0013621994038532318,1.0427362560862803,1.0092918501707664,2.7468468361618315,0.0027406537352977997,1.1673071552804197,0.16271468051156643,,,,,,,,,,,,,,,,,,,,,,,,,,,,,,,,,,,,
113,1.151465739311428e-05,1.9083236672211983,0.48792574605430666,0.25717224119933985,0.11460249852984514,nan,nan,nan,nan,nan,nan,5,0.03736947218414281,0.0,5.736910154352902,0.6233149878214644,0.5872006032154423,0.017048463249987097,0.016331945061966984,0.6418081957155176,0.0015932855049774846,1.038623579263436,1.0126125135280573,2.758482921315919,0.0040904459346575725,1.0338349949913224,0.6403805801974051,0.17252534445779824,0.160110488257207,0.017723079386277967,0.013369569051591614,0.16607798571590768,0.001765879569641459,1.0400965916806224,1.006895734196627,2.7402126753559717,0.002778704423796072,1.1688074717992765,0.16398124964642002,,,,,,,,,,,,,,,,,,,,,,,,,,,,,,,,,,,,
114,1.1141745216563985e-05,1.906657761012237,0.4874047040015784,0.25519451328589365,0.11465655240782523,nan,nan,nan,nan,nan,nan,5,0.03735830301125295,0.0,5.741967561460431,0.6227352444673602,0.5863290343966934,0.017028439260290486,0.016306787597509483,0.641608344887741,0.0016387859138979589,1.0386385032589247,1.0128260491736445,2.7590243845317044,0.004101108015914484,1.0304001719763565,0.6398945063959223,0.17167270121089132,0.1588210918206468,0.015974308710398677,0.013508485575710643,0.16546686077331543,0.0014734109741995677,1.0444819330700286,1.0086366068270958,2.744959737606135,0.0028598117147842976,1.182025240801318,0.16194066538092344,,,,,,,,,,,,,,,,,,,,,,,,,,,,,,,,,,,,
115,1.0774561180072498e-05,1.9088311447733974,0.48836953248711723,0.25387444059364855,0.11414028807589292,0.04180048373428543,0.01971062235071518,0.2643249750260709,0.11886177867101946,0.4371146854137006,0.17233416440032093,5,0.03730468794912733,0.0,5.706075143642255,0.6233953966422966,0.5865184699158715,0.017054080798133264,0.016394856458517015,0.6421699905672467,0.0017531108275040687,1.0392025928798,1.0119423234112213,2.756626777024165,0.004175607553550025,1.0518961292740057,0.6407456330718007,0.17039513972190728,0.15788430712230772,0.018028071459260383,0.013370047157834837,0.16363894050856542,0.0013408552088483214,1.0472264430797666,1.0118755097878087,2.75379057013735,0.002821596659649772,1.1704405642445528,0.16167707387738553,0.028220268344933436,0.025971217414152547,0.019198652542240745,0.03426161249295645,0.02848082579575175,0.0026888470478699804,1.0223679632460496,1.0202867106506972,2.776648415780862,0.0004470257622086104,0.46876447169436747,0.023928354876557385,0.17742381894509507,0.16439271155141003,0.0179715607725693,0.01231341367554289,0.170152931885057,0.0012744864985786593,1.048469367774469,1.0114549503768608,2.752647682003194,0.0029403252077206607,1.205524387819578,0.16842005437833382,0.2737077202231502,0.23634268010310897,0.01571206864006544,0.02112558335114076,0.3352680971132922,0.0020284574629797613,1.0506043569970656,1.0087716501233492,2.745455575390628,0.004059603070246556,1.263322948380488,0.32001221587059053
116,1.041324684007559e-05,1.9022933238984487,0.4870924167462681,0.2618011924795676,0.11687591950622743,nan,nan,nan,nan,nan,nan,5,0.03731226130993988,0.0,5.7398656322907895,0.6212577490070571,0.5846725817832006,0.01704172107763933,0.016387898784517744,0.6398366959180833,0.0017928526802185273,1.0391719090738343,1.011931384671481,2.756622665751269,0.004175462756668936,1.047810168625498,0.638518285384774,0.17600112726546888,0.16328524476649842,0.01602129548009017,0.013618711964207292,0.1690543363464962,0.001913036185130956,1.0412259640979764,1.0058315661722916,2.737329892440716,0.0028661114085207565,1.189441644144632,0.16638339870318053,,,,,,,,,,,,,,,,,,,,,,,,,,,,,,,,,,,,
117,1.0057941490129233e-05,1.904491758102319,0.487403201833967,0.25588582095112256,0.11546808625852475,nan,nan,nan,nan,nan,nan,5,0.03716078805943305,0.0,5.7078087409426725,0.6220041919777128,0.5857430700144671,0.01688351454044137,0.016380921873940735,0.6408172060968299,0.0018550104851105806,1.038149299419605,1.01156735513215,2.755500749599648,0.004134536003527865,1.0502363900408842,0.6392461814131233,0.17207638641511624,0.1593160937630482,0.01442781376644185,0.013684846551522467,0.1667093695154787,0.0018641377121677274,1.0428457693468902,1.0066609945317546,2.7394922994208737,0.0028821910470221775,1.2103971656402301,0.16264150309945866,,,,,,,,,,,,,,,,,,,,,,,,,,,,,,,,,,,,
118,9.708782107209397e-06,1.9005566099880342,0.4869535169420172,0.2593394679322151,0.11661590950292941,nan,nan,nan,nan,nan,nan,5,0.037355306437037765,0.0,5.720673661886266,0.6205257322149187,0.5833357333019208,0.017224985718003842,0.01637396296614087,0.6395052893695868,0.0018881311721967978,1.0384763300550262,1.0113180323634519,2.754815509227415,0.004149558364963428,1.060058837212727,0.6382418752442786,0.17412173904373457,0.16116756257148407,0.017627053276488946,0.013859111368123534,0.16819138567076536,0.0019319562801508327,1.0424416320407208,1.006119817950264,2.7380432140835285,0.0028793407216196423,1.1990562214682032,0.16509494084430712,,,,,,,,,,,,,,,,,,,,,,,,,,,,,,,,,,,,
119,9.365903298904738e-06,1.8991646994567521,0.48605974103764343,0.2568264736721918,0.11584547264187771,nan,nan,nan,nan,nan,nan,5,0.037207299178848005,0.0,5.732206913386787,0.6201286052142493,0.5833056258618877,0.017401525973545398,0.01639744127225736,0.6392515091014392,0.0019706976685401347,1.0380242750349846,1.0111147540406167,2.7542834620752177,0.004148994483111637,1.0500757744759748,0.6376529990126372,0.1724952341751122,0.1597273265638283,0.017238484408140093,0.01373730369211195,0.1670498229818147,0.0018468377810765227,1.0424972709301048,1.0066383516558997,2.7393757698371437,0.0028606467493783733,1.2117416769882146,0.16339546467641922,,,,,,,,,,,,,,,,,,,,,,,,,,,,,,,,,,,,
120,9.029437251522857e-06,1.8987639822244538,0.4855530704340585,0.2610883310412967,0.11656319196634643,0.04153214954371853,0.01949024691914049,0.2718936415371059,0.12141683453803871,0.45637494294124786,0.17702897184037628,5,0.03733911520795869,0.0,5.730804413029047,0.6198451243346972,0.5829650563905072,0.01731310439877019,0.016463007685747807,0.6396656756247258,0.001805772456137864,1.0389642691579102,1.0123141754233276,2.75755157042853,0.0041650641448515765,1.0509346232905215,0.6378138325588301,0.17552597042295756,0.16291495141444004,0.01669478404547213,0.013626432465751523,0.16987651516369306,0.0019285440599186821,1.0410008573855005,1.0065430946591498,2.739123325848187,0.00283642547738762,1.186557047162709,0.16584727204079164,0.027896656782434387,0.02578923065246965,0.020512041157831368,0.034023824677293875,0.028184977915778807,0.0022465917685488826,1.025516588350824,1.023668145072359,2.7858042781038628,0.0004355623284747114,0.4614422240259237,0.023933656410052153,0.1828221624237093,0.16968403510809488,0.016511885808933858,0.01259503030352552,0.17673002893572834,0.00191275878532907,1.0417750672192536,1.0056868382601776,2.736789269781932,0.002956468418966944,1.2228127869738479,0.17276967929821532,0.2863382427733316,0.2473067207921925,0.01387860561026856,0.022395986581304025,0.37104563879385355,0.002689924846770283,1.0454390295425469,1.0039608771295758,2.732637605123804,0.004182269482804647,1.2841924324496634,0.3331838970040009
121,8.699513679129946e-06,1.8914416286766396,0.48482227345440837,0.2581559617084131,0.11560418982045875,nan,nan,nan,nan,nan,nan,5,0.03737464823675398,0.0,5.713197317762022,0.6175729330108725,0.5809693811643647,0.017020868534059652,0.016427952218707274,0.6365622772642562,0.0018229515538951708,1.0393646870777138,1.0126576553859818,2.7584429435972826,0.004177571572940511,1.0437075205314625,0.6350978827268149,0.17373598047480118,0.16113805386568858,0.017518217783163172,0.013466367570781788,0.16850932637036725,0.001982582668823584,1.041396067494083,1.00757925606008,2.741868371633831,0.0028199409058881947,1.1623524182495024,0.16351674751875392,,,,,,,,,,,,,,,,,,,,,,,,,,,,,,,,,,,,
122,8.376259773543541e-06,1.8914083894957496,0.4842633064163889,0.2576492535051668,0.1165961627135131,nan,nan,nan,nan,nan,nan,5,0.0372177453722728,0.0,5.736612650966515,0.6175854677603262,0.5806731824045037,0.017035654965709395,0.01635237639305846,0.636524600752856,0.001948976061016859,1.0383800937433165,1.0118687374587627,2.7562233978074673,0.004173900263598989,1.0319228111348169,0.6350718795810958,0.17344774301070354,0.16101541908083716,0.016542075101546042,0.013741986337911693,0.16778969583103637,0.0019675496881575946,1.041251786524975,1.006220577566671,2.738126457937825,0.002833635934964838,1.174305781304429,0.1631749630398262,,,,,,,,,,,,,,,,,,,,,,,,,,,,,,,,,,,,
123,8.059800155297679e-06,1.8915873665226077,0.48332550002505137,0.2599329876569062,0.1170384119297747,nan,nan,nan,nan,nan,nan,5,0.037086777008465854,0.0,5.707844170070607,0.6176135592320865,0.5808445978267371,0.016584358187504252,0.01639205828177058,0.6365474176125258,0.0020252517994071746,1.0380648044233887,1.0117794840241043,2.7559631372046325,0.004164826962410794,1.0277873381745253,0.6352587226913932,0.17494261784070161,0.1619922994590861,0.017796678723705214,0.014036589410547851,0.16937354171800809,0.001538099950545225,1.047184602490273,1.0111145350258859,2.751533955693241,0.0029238990477037344,1.1818819213386587,0.16461896992210565,,,,,,,,,,,,,,,,,,,,,,,,,,,,,,,,,,,,
124,7.750256825599255e-06,1.889990234061944,0.48363325885965464,0.26175451422740925,0.11717383210199245,nan,nan,nan,nan,nan,nan,5,0.037263877111632246,0.0,5.725801880204726,0.6171442276804447,0.5801392079086249,0.017018352029300472,0.016366404583523203,0.6359860772401245,0.0017343900515733458,1.0413549619176428,1.013618818737884,2.7611036794308053,0.0042209487483099665,1.0440050927695712,0.6345476823093718,0.1760450387294857,0.16317921455434106,0.017166584825288243,0.013498971380759237,0.16994508951541062,0.0018524281971835533,1.0434815656745067,1.00769284443334,2.742178555630804,0.0029033668550553665,1.182893852582367,0.16609463108611014,,,,,,,,,,,,,,,,,,,,,,,,,,,,,,,,,,,,
125,7.447749119294318e-06,1.8891162044605565,0.48361341371316546,0.25917189342659697,0.11595331038123567,0.04020114408451636,0.019090550711339513,0.26998654707893033,0.1207964478659842,0.45391776735894784,0.17651160045924452,5,0.03728133608888204,0.0,5.727834790481433,0.6166639694513734,0.5796912758665096,0.017057441136673283,0.01638547451295162,0.6368294029481429,0.0019861832323785668,1.0392309427483004,1.0119648042083642,2.756513045860762,0.0042100228748607514,1.0368722276569915,0.6346252743736368,0.17439602467640947,0.16159530656896012,0.017344233193204953,0.013533521629652372,0.16867154022200032,0.0020296770273399646,1.0420375765344663,1.0065226324140333,2.738961096567416,0.0028723900647331115,1.1792692950049872,0.16423355083900823,0.027023720046799517,0.024993446120142912,0.02069817659125284,0.03321208695223109,0.027294000587652644,0.002991386107935394,1.0214366899714216,1.0197185741006847,2.7748106770623027,0.0004147483267041767,0.46125518774744445,0.02300126314999104,0.18170818568756555,0.16836349591696098,0.017184373763995408,0.012538380020185673,0.1755393917045838,0.00198077684312693,1.0430676217228205,1.0058628297666417,2.7371686139814457,0.002995272993079854,1.2151700042528386,0.17114101666368775,0.28493655067504764,0.24669035833150496,0.014557987068091223,0.022103206646444985,0.3695285788475567,0.003049606173675078,1.0458388369712122,1.0031662360830558,2.7308389902835164,0.004196675362322282,1.2725089849147706,0.3310087772024362
126,7.152393658862117e-06,1.8891486566050255,0.48258749263944134,0.2569757926502681,0.11513053888475028,nan,nan,nan,nan,nan,nan,5,0.03722136650093224,0.0,5.706484205666256,0.6166113308196874,0.5796745124553125,0.01711021272802137,0.016292501319132086,0.6359922152448335,0.001994998831789113,1.0390471591208346,1.0120314048857169,2.7567088592933047,0.004185045005841505,1.0389922862561956,0.6347715676255145,0.17301747076841054,0.16043213738764883,0.01572878046909906,0.01331258036608672,0.1671503762596831,0.001841673731605915,1.0438881754639,1.0089347088242118,2.7454981490115253,0.0028662272646152826,1.1609015756198084,0.16279520489037289,,,,,,,,,,,,,,,,,,,,,,,,,,,,,,,,,,,,
127,6.864304309455031e-06,1.8861903652284788,0.4823210854600651,0.2557794006361094,0.1159018562046859,nan,nan,nan,nan,nan,nan,5,0.037034383319754276,0.0,5.710712888799945,0.6156131512180864,0.5785088155862234,0.0172211130441495,0.016256186753932898,0.6351937194974705,0.0020776990611845176,1.0386325601444582,1.011660535228536,2.7556949518602165,0.004170920591342831,1.0317051726359123,0.63385666990441,0.1717792323896272,0.1592418464063227,0.017228749103643234,0.013680765517663522,0.16623163633869228,0.002214431937538659,1.041338628489787,1.0059841300987367,2.737488383236101,0.0028196797992920217,1.1689725085294949,0.16273043221092154,,,,,,,,,,,,,,,,,,,,,,,,,,,,,,,,,,,,
128,6.583592135001264e-06,1.8868470219176443,0.4819937582408335,0.2562977043333308,0.11617794845926419,nan,nan,nan,nan,nan,nan,5,0.03717714474046644,0.0,5.69724237228252,0.6159868892522864,0.5787993982296664,0.01729861726147434,0.016259624245155316,0.6349694406053296,0.0019227368467659718,1.0402340092415434,1.01311114316673,2.7596449818699846,0.004193027300022747,1.0244328774481535,0.6337298595885145,0.17262859003364495,0.15949090459359322,0.01662494228329846,0.013555300512539772,0.16687798003269003,0.0017706243729871296,1.046496966843504,1.0096209569646708,2.7474729336255983,0.002934475794027946,1.171449976590368,0.1621439849432855,,,,,,,,,,,,,,,,,,,,,,,,,,,,,,,,,,,,
129,6.310365355387675e-06,1.8862280408234569,0.48182719493580833,0.25686438936800415,0.11535812939681918,nan,nan,nan,nan,nan,nan,5,0.037059765966809016,0.0,5.694368339341258,0.6158249322923482,0.5787605164885794,0.017336802900760843,0.01625985331307205,0.6344455375074871,0.001985428464960679,1.0405382402324679,1.0125760714341119,2.7582107429484637,0.0042386207200954765,1.0360997309759101,0.6334527183463323,0.1727288089078559,0.15991018275259183,0.016817112778976264,0.013592840469708814,0.1671262396841948,0.002038040580188423,1.043426962996811,1.0076601469418403,2.7420272379992867,0.002876343007803172,1.1727598198408364,0.16303786687337235,,,,,,,,,,,,,,,,,,,,,,,,,,,,,,,,,,,,
130,6.04472930473892e-06,1.8814951665022983,0.48120763836651476,0.25551916313133666,0.11518746493923201,0.03953832375586243,0.01874905907310109,0.2661603625322617,0.12000936761106722,0.44788521320515273,0.17435238452810742,5,0.037106003579741365,0.0,5.718167952611023,0.6142832762984385,0.577188863062763,0.017374347784459288,0.01625481923777262,0.6328643429049549,0.0021715215170781932,1.0385452043722754,1.0112877920931358,2.7545998751498115,0.004176337330926513,1.0369657834373747,0.6318142631907535,0.17169010506407875,0.15914481136144032,0.017193099556999554,0.01359013508524789,0.1655211088159772,0.0018107683742595395,1.043872379414147,1.008264786060541,2.743625669916204,0.0028372459647186743,1.1738408265293048,0.16241167652412905,0.02623225607654985,0.02425081092232726,0.02142377077308631,0.032910798055751554,0.026235903260673803,0.0020344924293078685,1.0276092340575564,1.0258069280955244,2.791588885491493,0.0003954990285882872,0.4591240289689492,0.0232451467618849,0.1788891024907611,0.16581224832666067,0.016988807906832562,0.012613898627537114,0.17226430342807406,0.0017993546177796746,1.044685544439587,1.0073876893488276,2.7412275309928873,0.002959331715349559,1.2095766665629042,0.16920314163432262,0.28103144330856455,0.24296517683338595,0.014297548376014123,0.022207299064094,0.3622622082157026,0.002587151436724434,1.049628542783603,1.0067329326991021,2.740190293802287,0.004142648286705079,1.268327862937542,0.3268708405846607
131,5.786786390809121e-06,1.882997252207825,0.4817721168828539,0.2594128933792778,0.11622106730263777,nan,nan,nan,nan,nan,nan,5,0.036951938000702365,0.0,5.684891013896131,0.6147316049872126,0.5776605263992148,0.017245877132581452,0.01630042882179578,0.6336193826736388,0.0018399508728038868,1.0415648234593167,1.0138758793159897,2.7617637373079353,0.004227148720706363,1.036012331229186,0.6324662515896563,0.17457676232619018,0.16174283800639228,0.016638238713973443,0.013761991616416705,0.16860234841057067,0.0017299897810483054,1.0455624748235846,1.0099895375298837,2.74838008164732,0.002880395237047645,1.1720070242236675,0.16442914256734556,,,,,,,,,,,,,,,,,,,,,,,,,,,,,,,,,,,,
132,5.536636055501788e-06,1.879610392034028,0.4811836572412014,0.2599429332002987,0.11709793106091172,nan,nan,nan,nan,nan,nan,5,0.03715810746086086,0.0,5.726991912812277,0.6135158307050371,0.5764676467129494,0.017268881118047665,0.016361996651852676,0.6328213617479913,0.002031209647954312,1.0397256804685424,1.0123465489058987,2.7575263917774917,0.004189479787659859,1.0366714721158001,0.6314823828161248,0.1755352046996488,0.16276921034141265,0.017256251830079655,0.013580004354865002,0.16947094286741665,0.0018755143343740519,1.0444104653824424,1.0090314695892009,2.7457544348074006,0.002854363135420372,1.1622835280009227,0.16348782861477226,,,,,,,,,,,,,,,,,,,,,,,,,,,,,,,,,,,,
133,5.294374736532996e-06,1.8815528484622894,0.4805290449468102,0.2573886683529589,0.1159600432865789,nan,nan,nan,nan,nan,nan,5,0.03691959670013643,0.0,5.706326607631149,0.6141033994490049,0.5771600724186982,0.0173679208895615,0.016217429768857625,0.6332456774417045,0.0021017259330006624,1.0392102688886329,1.0121593592415847,2.756975813703092,0.004170614207803685,1.0312743380283298,0.6322737230684449,0.17320139125052522,0.15995091671757466,0.017483982760575403,0.013903279298085906,0.1668562717011133,0.001567709223829638,1.0486957961233982,1.0113435801387514,2.7520966966327673,0.002976175646789527,1.1836653519386013,0.163086363198199,,,,,,,,,,,,,,,,,,,,,,,,,,,,,,,,,,,,
134,5.060095830252873e-06,1.8797057630368914,0.48047450062465347,0.2545890692696268,0.11580053835042665,nan,nan,nan,nan,nan,nan,5,0.036993395917952546,0.0,5.679622867930393,0.6134831304500268,0.5760982131019262,0.017467634599314913,0.016299320922430152,0.632829047557765,0.0017826812383548221,1.0422711444781545,1.014550404090017,2.763597893001188,0.004215975441913669,1.0373555066712346,0.6316748035008639,0.17130352881475616,0.15834927574739974,0.017622884054321986,0.013736444539515674,0.16509765565516973,0.001748174352543792,1.0466732231613294,1.0094570249351684,2.746838512339435,0.0029345066105409814,1.1834167755294862,0.16129715194717517,,,,,,,,,,,,,,,,,,,,,,,,,,,,,,,,,,,,
135,4.833889655639481e-06,1.8745386354250464,0.48073241208607054,0.25384773311963416,0.11498337678504864,0.03991647278996043,0.018943954089201895,0.2643859974964389,0.11978535458097002,0.4450603288517566,0.17597530941717265,5,0.03704003548098553,0.0,5.711970166888227,0.6118430620310361,0.5747211118911936,0.017471778373070727,0.01624335416537913,0.6306565568691098,0.0021446085940849415,1.0398566570352743,1.0119457046305242,2.7563701480811504,0.004223064694221434,1.0403898804006422,0.6297922638597829,0.1707554524758525,0.15815031160035223,0.017263984942103888,0.013472554387657633,0.16458523983124967,0.002205675684854273,1.0420017064645282,1.0061531135588722,2.7377986409139123,0.0028427632441097844,1.1756783439395564,0.16093747806113895,0.026575232305355977,0.024598433426345167,0.021368393943460184,0.03288571152175233,0.026740336339651637,0.002200920991470397,1.0267920888301822,1.0251459224503916,2.7896655342984067,0.00040285975067070267,0.4589856809721899,0.023307922697942022,0.17788514079255016,0.16473742616507261,0.017064321412787974,0.012492280929669185,0.171272276077081,0.0022051746369252975,1.0427621868475454,1.0052034700891537,2.735205299817265,0.002964757952337521,1.2115129676414953,0.16766247989301775,0.2798467309897091,0.24283222798185713,0.014246162426660788,0.02203612936034406,0.35829015247552726,0.0029465425151852867,1.0483063183110697,1.0048136684881184,2.7350600374943745,0.00416921481959816,1.2702743293501253,0.3235873406174937
136,4.6158434194791724e-06,1.876636884349981,0.47983428939701867,0.25232681826593806,0.11464477201430925,nan,nan,nan,nan,nan,nan,5,0.03694351874701226,0.0,5.679038486018158,0.6124517095658074,0.5750648569858816,0.017292093855639144,0.01624198723078112,0.6317225854955043,0.0022892365927573628,1.038588779705109,1.010983402651161,2.75369988165159,0.00420318820824278,1.0454243831313739,0.6306978584475269,0.16964646016846044,0.1572356971865516,0.017633416429695202,0.013594236662066347,0.16388710070679363,0.0023693689212646364,1.040820698627832,1.0052563555321639,2.735259536643953,0.0028138783763260533,1.1764591465760021,0.1600860015119656,,,,,,,,,,,,,,,,,,,,,,,,,,,,,,,,,,,,
137,4.406041182746683e-06,1.8761551053237793,0.4797839307813954,0.2552195480343479,0.11498932350368198,nan,nan,nan,nan,nan,nan,5,0.03687388151602562,0.0,5.667990439527712,0.6122949102373202,0.5752045098387177,0.017378608621231733,0.016270478067973094,0.6315956783911291,0.0022986787939349522,1.0386753639242623,1.0112814853535526,2.754475318713081,0.004197505294969843,1.0425677615553004,0.6305312151667929,0.17137414493197914,0.15856051583474393,0.01739631619741865,0.013570534276722064,0.16483429666962957,0.0019875867691938943,1.0443967603687476,1.0078872933546246,2.7424544904636496,0.002920760562490341,1.1848547986205398,0.16242904955310325,,,,,,,,,,,,,,,,,,,,,,,,,,,,,,,,,,,,
138,4.2045638281980465e-06,1.8737219041576791,0.48012821452542687,0.254641874278498,0.11503202457242134,nan,nan,nan,nan,nan,nan,5,0.03685650405486978,0.0,5.674092632671918,0.6114927695988797,0.5744827309321048,0.017484872546158953,0.01625353679502655,0.6308991868179951,0.0020706172169463744,1.0405974161668923,1.0127615205285954,2.75857313005878,0.004220472023575014,1.0479040250905025,0.6297190467723808,0.1710793190533044,0.15844080830027865,0.017454676140360514,0.013655521741955565,0.16481796939989138,0.0018494553573392945,1.0454491320228008,1.009567643823603,2.7470665958563143,0.0028696263355856527,1.1831584401537758,0.16186373757937794,,,,,,,,,,,,,,,,,,,,,,,,,,,,,,,,,,,,
139,4.011489029188739e-06,1.8767007098161164,0.47952927843058296,0.2557397718736005,0.11539040210229097,nan,nan,nan,nan,nan,nan,5,0.03687899260238322,0.0,5.703835054879913,0.61244917173695,0.5751128764486397,0.017357611646188275,0.016347417979202215,0.632023015511747,0.0021160903245056747,1.0401836699428217,1.012636062998489,2.758240349719613,0.0042250241594096495,1.0464097499777751,0.6307769616103633,0.171954988102993,0.15894654537558953,0.017471851007806617,0.013784595969999957,0.1654433464271269,0.001978402849015671,1.0450036845497825,1.0080939866562544,2.7430681877134537,0.0029350120274297003,1.1944650443649258,0.16228862335801275,,,,,,,,,,,,,,,,,,,,,,,,,,,,,,,,,,,,
140,3.826891219729118e-06,1.8708827706344127,0.47948364430461893,0.25667443842768306,0.11591483271564912,0.040035585717023765,0.01889835791132189,0.26733716337953733,0.12076568680134306,0.4497756485312367,0.17708809013298785,5,0.03687113398360847,0.0,5.6759006346262,0.6105059618133707,0.5732409361233262,0.017247888483524994,0.016393376272511303,0.6299024718537086,0.0021477208935213087,1.0403765646724417,1.0124952410393055,2.7578523607670227,0.004241561886686491,1.049712139350167,0.6288932426946864,0.1725757785145654,0.15979230713424103,0.01745818292813374,0.013431508248674038,0.1662967651772232,0.002073942304029174,1.0441674600153872,1.0077999692247743,2.7422394351977277,0.002896867048075581,1.1829127399016939,0.16290406735637242,0.02678872098499661,0.02481573539487424,0.021083361352114322,0.03365054868440825,0.02720436107909376,0.0032068060933109323,1.021073957660188,1.0196373608610294,2.77438259237278,0.00039609989259894025,0.45864661681531155,0.023087794914659666,0.17978033266262938,0.166451112598372,0.017280477220711132,0.01241169270019669,0.1730346553898381,0.002017255581456713,1.0453221336859053,1.0072081019996337,2.74063229718383,0.0030219050839676745,1.2191260693932489,0.16972766667783346,0.2825243998806076,0.2444687174326858,0.014542895223323157,0.02190634874360902,0.3621536129004337,0.003278407491912384,1.0501998386148446,1.0056640116572637,2.7376513418371324,0.00425425823134791,1.2802865542262394,0.3275895805311553
141,3.650841565788719e-06,1.874992224575857,0.47974623998246485,0.2563039623544814,0.1162219366006987,nan,nan,nan,nan,nan,nan,5,0.03701291915775744,0.0,5.721006556572118,0.6117972269215326,0.5742747933858598,0.017343982959002784,0.01643303297492733,0.6312475082562256,0.0021673488094059493,1.040716391189074,1.0126886392021162,2.758418499610183,0.004233688955462062,1.0516804941103113,0.6303599278803231,0.17218652118303543,0.159400693912426,0.017485862052078083,0.01356152773813807,0.16601762508455561,0.0022219470622004997,1.0431649278007409,1.0069462515345682,2.7399083085439,0.0028880379885848424,1.1902170970663615,0.16293817408232855,,,,,,,,,,,,,,,,,,,,,,,,,,,,,,,,,,,,
142,3.4834079378603795e-06,1.873383841932305,0.4787815225051214,0.2537827276989122,0.11512963162677767,nan,nan,nan,nan,nan,nan,5,0.03697136153624241,0.0,5.680389575968891,0.6111865037660832,0.5737531998414764,0.01735189807418485,0.016334616503145435,0.6313868434327653,0.002225794073427964,1.039840041313434,1.0118891335092675,2.756198718395135,0.004223117627053949,1.0518639557413934,0.629990590900249,0.17045079027929239,0.1577380075821625,0.01742003024768765,0.013399533942739152,0.1641890229474812,0.002093607733529326,1.0442805083973916,1.0078198122711006,2.7422804605708095,0.0028809934204506696,1.1868473711648881,0.16141537595892247,,,,,,,,,,,,,,,,,,,,,,,,,,,,,,,,,,,,
143,3.324654884794929e-06,1.8715210475891275,0.4789963610296206,0.25366258732222136,0.11515859503097514,nan,nan,nan,nan,nan,nan,5,0.0367141061247993,0.0,5.6875772961971265,0.6106431575460904,0.5733240453824007,0.01747624984274644,0.01633755904305443,0.6300832785792448,0.0021979161083110206,1.0398186595104078,1.0122667284352043,2.757199135864241,0.0042067004296332195,1.0465116193107642,0.6292631501452992,0.17037008176083066,0.15761142186151833,0.01771197107294986,0.013642956224812236,0.16392175691722186,0.0019912410609340485,1.0453772735020401,1.0083983763354856,2.7438507275327972,0.0028853345943153984,1.1946928478370917,0.16130907664572702,,,,,,,,,,,,,,,,,,,,,,,,,,,,,,,,,,,,
144,3.1746436089163146e-06,1.8687596448122645,0.4791401688631212,0.2559465375145799,0.11573784359214322,nan,nan,nan,nan,nan,nan,5,0.03695435807076621,0.0,5.702595521316508,0.6098840083180921,0.5732838131757375,0.017543691608126275,0.016327721585781413,0.6291388520512152,0.002247587804846672,1.0394294950053782,1.0119511671239299,2.7562936806188394,0.004169777922548859,1.0498597265914242,0.6279642664879463,0.1720374567943628,0.15941920589006683,0.01706870213618278,0.013664049150235329,0.16570303112367152,0.002080072045886942,1.0440686114193873,1.007770877899768,2.7420986521211264,0.0028688021118023093,1.1897900832299702,0.1625664242378012,,,,,,,,,,,,,,,,,,,,,,,,,,,,,,,,,,,,
145,3.0334319424269873e-06,1.8716867754026696,0.478741168595065,0.25541608734377197,0.11563375841960706,0.039656589555921724,0.01874984026478021,0.26604674379985,0.12047795809751415,0.4469122904793785,0.17612489286197586,5,0.036998970317966624,0.0,5.68949686477691,0.6107488804141201,0.5737370423671201,0.017397047234634068,0.016328898115679114,0.6302302977488101,0.0021534750143126333,1.0400201601220607,1.0125853949973795,2.758040066614748,0.004182242701837279,1.051112343810008,0.6291620530722487,0.17160172057998882,0.15910906151113777,0.01757227470971895,0.013576963410171092,0.1654087266884331,0.0020644639384505637,1.0438616652623651,1.0077847012249022,2.742106800844722,0.0028433688538361114,1.190051741278827,0.16233520759017603,0.026496531491699338,0.02454382833675602,0.021230365227136002,0.03328573001836662,0.02680851669152734,0.0026578751008065437,1.0242695743562371,1.0228288049901206,2.7831347959625425,0.00039123737771490857,0.4594918739324375,0.022934173222741487,0.17878202078567482,0.16575727230938442,0.017393344299656846,0.012582691134235283,0.1721252546349166,0.0020358685964949968,1.0448412654780375,1.0070324924633236,2.740055390172211,0.002965975303181276,1.226579721214312,0.16914187782757328,0.2803761316756776,0.24258434192072897,0.014784598407923635,0.022321209128597173,0.3603007881309279,0.003275001479954293,1.0498742191864594,1.0057163496289112,2.737764311804049,0.00416998138072843,1.2859965593690341,0.32616471994087826
146,2.9010743251124673e-06,1.8696762589740923,0.478624089057108,0.25812528589517597,0.11683849124895827,nan,nan,nan,nan,nan,nan,5,0.036780699287277646,0.0,5.6731665093413906,0.6100281048691606,0.5727819923034441,0.017484818727451428,0.016325505603132437,0.6295684725522444,0.0020809209421717052,1.040734071330611,1.0130695553300177,2.7593925302223687,0.004187063561481658,1.0503222304936235,0.6286500470325831,0.1738288134915474,0.1612839603076759,0.01775008033243143,0.013536332979644423,0.16735529700013174,0.0018853884255663445,1.0453245102239994,1.0089821926638043,2.745377808691365,0.0028831177011857537,1.1846441211179284,0.16324611487981397,,,,,,,,,,,,,,,,,,,,,,,,,,,,,,,,,,,,
147,2.7776217833537627e-06,1.873155982582297,0.4788466016876701,0.25301414316085896,0.11505562613391614,nan,nan,nan,nan,nan,nan,5,0.03671749989771503,0.0,5.67496388064687,0.6111692635361988,0.5740635410742425,0.01758095065916089,0.016287872026013808,0.630289313629435,0.0020837122722195435,1.040975264631186,1.0130580759518784,2.7593307502716655,0.0041863382146387716,1.0560352415400285,0.629825486892064,0.1701157337239955,0.15721487161929318,0.01765498767369546,0.013907733898535848,0.16383508384931897,0.0019888034247568776,1.0461633144675844,1.008973989830888,2.745388394976845,0.0029129379652947838,1.2120046599956062,0.16052931716388738,,,,,,,,,,,,,,,,,,,,,,,,,,,,,,,,,,,,
148,2.663121910455762e-06,1.8727319015826311,0.47869020959892156,0.25497663937815085,0.11549748196780626,nan,nan,nan,nan,nan,nan,5,0.036859519462147036,0.0,5.690945360852081,0.6111535109193587,0.573835214692767,0.01772047920895192,0.016339856441336918,0.6304010895981561,0.0021290331885468216,1.0406171717773816,1.0126586608981796,2.7582352778442174,0.004211406530897398,1.0561814424121743,0.6293922729963903,0.17147110535860394,0.15875888126382465,0.017299256769984155,0.013615377931186532,0.16514216348470256,0.0020738002350774464,1.045038811252489,1.0079806192370264,2.7426494040121034,0.002895928516017164,1.2035060349392588,0.16175070575697564,,,,,,,,,,,,,,,,,,,,,,,,,,,,,,,,,,,,
149,2.5576188482990624e-06,1.8651180172467274,0.4780882418952031,0.2526422343253878,0.11462602757106291,nan,nan,nan,nan,nan,nan,5,0.03684897149798056,0.0,5.674597308781009,0.6085738902834279,0.5713842378012192,0.017425893244990182,0.01633829020907606,0.6276852054424452,0.002151137273879618,1.040722975034869,1.0125798665110248,2.7580204542331495,0.004215800057446107,1.0560852900408273,0.6270173720203194,0.16981496214734446,0.15708949696506702,0.017377231788186197,0.013640624442513067,0.16345585007894137,0.0020723486913600156,1.045014726549848,1.0082827395812868,2.743480381389067,0.002872420615222833,1.194469892223233,0.16041932621365498,,,,,,,,,,,,,,,,,,,,,,,,,,,,,,,,,,,,
150,2.461153270322469e-06,1.8691889688268515,0.4780462524893285,0.25289136182515604,0.11479942935155969,0.039601138334692795,0.018818360281854875,0.26337307888833267,0.1195984734940593,0.44434353628830503,0.17480489153722056,5,0.036851917881575234,0.0,5.670646637559669,0.6099796026635594,0.5729568173020843,0.017426695417037785,0.016285993565466422,0.6290480704872576,0.0022218988479221187,1.0399777804454295,1.0124393928260298,2.7576206668824947,0.004192993486514654,1.045841788473626,0.6282429935330682,0.16992836592898355,0.15729232651391126,0.017846820221716325,0.013756561474996619,0.16364243697855027,0.002183243436589521,1.0437917652645359,1.0075517530686915,2.7414661426943514,0.00286813431442318,1.1883701030981795,0.16063300275101464,0.026457164210794235,0.024491388886346502,0.021217844496831787,0.03305799906965036,0.026707236543590793,0.002617897722512311,1.024338186130196,1.0228990846034582,2.7832978619623074,0.00038962696365764566,0.45604902318831286,0.02291045942089494,0.17700773235915537,0.16383823495995947,0.0176787424254241,0.012783009626119373,0.1702554457437126,0.002161221736981705,1.044764437317182,1.0067843823224658,2.7393745395002638,0.0029920582875668776,1.2249861279730223,0.16734394467511154,0.2788922487885519,0.24070109653676128,0.015130189633705157,0.022638460443976962,0.3579872501921592,0.003332191363932819,1.050429096137546,1.0057924879384441,2.738018979993317,0.004228801970321076,1.2849776201532173,0.32398947815816365
151,2.3737623658426015e-06,1.8662710198252637,0.47804800494784305,0.257293379648907,0.11664929911306983,nan,nan,nan,nan,nan,nan,5,0.03676850946775081,0.0,5.684051620001119,0.6088266518046905,0.5719485468045302,0.017825182171012595,0.01631441391022331,0.6282477853347647,0.0022695676527634003,1.0396132410144145,1.0120730683925636,2.7565878318032313,0.004177406345587378,1.0516144887152374,0.6276254628625486,0.1730530199842739,0.16051024658905147,0.017364860767959688,0.013679127004981846,0.1670732116188163,0.002292151359129525,1.0427983656038704,1.00674040716157,2.739214204555324,0.0028655177640863074,1.1909228508641014,0.1631687589869034,,,,,,,,,,,,,,,,,,,,,,,,,,,,,,,,,,,,
152,2.295479825716696e-06,1.8679022611939102,0.477651236207276,0.25474795268163725,0.11555480825385304,nan,nan,nan,nan,nan,nan,5,0.03686632377054794,0.0,5.694077940918455,0.6093944517409513,0.5724253478792384,0.017439780827663898,0.01631132022002398,0.6290078949628738,0.002426965768192205,1.0385559425968462,1.0111050232143897,2.7539202737401656,0.0041805930004287,1.0520348187629378,0.6281243221677447,0.1712720244471642,0.15862508971705339,0.017320096394074735,0.013668854580518782,0.16511478966263554,0.0022438594603478826,1.0434975364867631,1.0070408726650124,2.7400415194994467,0.0028793235683140777,1.1934804324540866,0.16168421308817932,,,,,,,,,,,,,,,,,,,,,,,,,,,,,,,,,,,,
153,2.2263358293541458e-06,1.8688184931989982,0.4776460772464457,0.25484492394283437,0.11542852806680837,nan,nan,nan,nan,nan,nan,5,0.036890294826498284,0.0,5.681714172091727,0.6097835370695357,0.5725945110633172,0.017527234736118964,0.016292001911128895,0.6295037260921501,0.0022657531063883926,1.0398191866433883,1.0122796125874205,2.7571413510285425,0.004183990347436947,1.047630913940939,0.6282522788805035,0.17122717397645235,0.15869761828244902,0.01762121243726068,0.01364998195750709,0.16503083099857505,0.0021591258946408796,1.0440569622440419,1.008190311480165,2.7432250851067908,0.002849493715461548,1.183521409227483,0.16194006144365053,,,,,,,,,,,,,,,,,,,,,,,,,,,,,,,,,,,,
154,2.1663570330817688e-06,1.8657622588261016,0.477709690786861,0.25626329025820155,0.11598552307565937,nan,nan,nan,nan,nan,nan,5,0.036727653189023296,0.0,5.680768566959596,0.6086425882275448,0.5715213264592607,0.017576814717426927,0.01628180168339092,0.6281473042850035,0.0023163962704570305,1.0394345831109186,1.0121731230461177,2.7568481298904497,0.004166442030393579,1.0456806426578427,0.6275251461587039,0.1721497777809668,0.15948681374088933,0.017278095464079945,0.013759828804765126,0.16623133073000756,0.0021136609557306217,1.0451303233230904,1.008490740528485,2.7440087674909663,0.0028826023597409273,1.193103054055063,0.16294973528345152,,,,,,,,,,,,,,,,,,,,,,,,,,,,,,,,,,,,
155,2.1155665598672762e-06,1.8667456806109746,0.47781403754981266,0.25472426110605995,0.11542178032265467,0.039668784192465424,0.018741171477164722,0.26531352407985087,0.1202558472608834,0.446833476501392,0.17639373755424148,5,0.03697746809549124,0.0,5.691319040041583,0.6089317143717023,0.5716370037462702,0.017340587401621782,0.01633875428633245,0.6286467524876048,0.002170984177612617,1.0405955443331136,1.0129528764532447,2.759007342227365,0.004201900467860007,1.0493162222330679,0.6279063459850933,0.1711163016485111,0.1585008254371061,0.017221038551343406,0.013767081450488753,0.16500945060116262,0.002050323259372622,1.04539444194376,1.0090998220384504,2.74567579800209,0.002866368744729765,1.1917191606518729,0.16196644473437016,0.02651614292074227,0.02459121038179125,0.021533716006944377,0.033423960898352985,0.02687849555171516,0.0028289109189121144,1.0231049441274613,1.0217587679815796,2.780111223272941,0.0003915033617120138,0.45583282954153426,0.022878450958767286,0.17826735034674449,0.16511422149884827,0.0170096634904779,0.012776408854014501,0.17169736527355284,0.0020113632690991366,1.0465089143716728,1.0084668687026068,2.7439540094076738,0.002990110821289781,1.2285134767069625,0.16875311380931987,0.2803567613205315,0.24228852552859806,0.014161644361987163,0.022825239593606085,0.36046963155809847,0.0035432637649550906,1.051408949421046,1.006609186716619,2.740356833655926,0.004228064924820994,1.2892376772020724,0.3260932419807632
156,2.073983990404929e-06,1.8672313055091547,0.477964040921284,0.2556857088471614,0.11606459531650068,nan,nan,nan,nan,nan,nan,5,0.03667050687602452,0.0,5.688792059542983,0.6091951906945459,0.571852401211488,0.017593458618373664,0.01636821281202618,0.6288102051943943,0.0020827008210692593,1.0414826731411493,1.0137055003748479,2.761092418194911,0.004204845444806564,1.0487602892716394,0.6278997653091744,0.17200342822197212,0.15925587422661727,0.017331109672264186,0.013838920543111801,0.16566880822506014,0.0020416659996498384,1.0457009854088142,1.0086743668480973,2.7444962575497187,0.002915199783483027,1.1940071940143573,0.16208788669287894,,,,,,,,,,,,,,,,,,,,,,,,,,,,,,,,,,,,
157,2.0416253555668203e-06,1.8661622507027567,0.47784134202367706,0.25515490287582354,0.11566886059010328,nan,nan,nan,nan,nan,nan,5,0.03667055720079018,0.0,5.675923626462336,0.6088408217797592,0.5717155568051463,0.0174407541262085,0.016300084154090136,0.6280407919389593,0.002218031233042914,1.0402197834494267,1.0125384295802506,2.757876949490241,0.004196700023293563,1.0504286531374294,0.6275534010792212,0.1715065951636165,0.15887044587569119,0.017440931737292074,0.013798797328091089,0.1656139941088452,0.0021656215776512428,1.0445361604928005,1.0083175606545987,2.7435242268795004,0.002871655353584052,1.1928846503599915,0.16201251289235336,,,,,,,,,,,,,,,,,,,,,,,,,,,,,,,,,,,,
158,2.01850313022265e-06,1.8658516241539769,0.477252189787747,0.25402903586804954,0.11555122297361727,nan,nan,nan,nan,nan,nan,5,0.03683800818050368,0.0,5.692431074742324,0.6088347572463518,0.5717462158186343,0.017501987510695573,0.016347050978687484,0.6278878802114541,0.0021851446020431545,1.040514765634754,1.0130734205041207,2.759321562187941,0.0041809597299876265,1.046502076224154,0.6272150402387615,0.17071705736874454,0.15808113560864429,0.017212999709061563,0.013766807275958231,0.16482307872530533,0.0021452873286460284,1.0450816895546713,1.00849165749246,2.7439951531323103,0.002875752797128094,1.1937518441049972,0.16137988752690363,,,,,,,,,,,,,,,,,,,,,,,,,,,,,,,,,,,,
159,2.004626228430444e-06,1.863756891662434,0.4771463733488741,0.2558757180790167,0.11572608808396742,nan,nan,nan,nan,nan,nan,5,0.036780792115028584,0.0,5.685981795274488,0.6080886030602871,0.5706860414778793,0.01734737222828454,0.01636461100372335,0.6273358907794093,0.0021855185065519345,1.0407929546812371,1.0130057992433448,2.759149265476338,0.004211613010409391,1.0509110658913097,0.6266603617294173,0.17204792707330968,0.15933592315478692,0.017376227292838674,0.01379845953450983,0.16599662550925948,0.0021862169617724602,1.0445942427337418,1.0080824182053068,2.7428861472425963,0.0028868976765359816,1.194441904628122,0.16236782420728335,,,,,,,,,,,,,,,,,,,,,,,,,,,,,,,,,,,,
160,2e-06,1.861174378711683,0.47701351483974996,0.2548987768104203,0.11583199290336227,0.03946474445789059,0.018623143947937553,0.26553336296780367,0.12069243320259489,0.4478380854885075,0.17751557632386814,5,0.036705525002656024,0.0,5.679245660965818,0.6071863655727657,0.570022680910881,0.01744706030505039,0.01632185107989225,0.6267207806958758,0.002234716612448361,1.040299047025718,1.0127047987151356,2.7583389571111954,0.004195584333807887,1.049054516930443,0.6258995565667221,0.17135495009581497,0.1587934670100514,0.01696590195544707,0.013742736131929957,0.1654409638443002,0.0022000686265056793,1.0444249689020277,1.0082095740216324,2.74322664467042,0.002860789376448677,1.190595686547446,0.16185233553800846,0.026375996401790655,0.024443754481772068,0.02160349717566906,0.03297592681020813,0.026766817243332155,0.0023803797339019233,1.0260089681992939,1.0246564757031849,2.788110624547085,0.00039675675623741173,0.45615234922558295,0.022773537741632002,0.17854026075340754,0.1654438575293504,0.01673854855396034,0.01277284824167737,0.1721438439686682,0.002190716415219703,1.045345768874241,1.0073872244261828,2.7409824428309615,0.0029839913884829017,1.2273178701927834,0.16866038531663377,0.2812170682729808,0.24345504552331731,0.013903402517170652,0.022694503954809882,0.36851170180260134,0.003554020485373268,1.0509357816657476,1.0060199543891615,2.7388448269654306,0.004229208646522232,1.2876599125168577,0.32638654145936696
