{
  "evt_model_path": "/home/hp/TREAD/results/highd_following_tail/evt/longitudinal_peak_evt_model.json",
  "evt_tail_threshold_u": 1.687343641294891,
  "collision_critical_level": 4.777321427285611,
  "collision_critical_level_mode": "human_all_vehicle_km_return_level",
  "collision_critical_reference_km": 300.0,
  "collision_critical_expected_tail_exceedances": 50.89975831950243,
  "human_calibrated_safety_threshold": {
    "method": "highd_all_vehicle_km_return_level_pot_gpd",
    "target_return_period_km": 300.0,
    "target_return_period_miles": 186.41135767120016,
    "target_intensity_per_km": 0.0033333333333333335,
    "target_intensity_per_mile": 0.0053644800000000005,
    "expected_tail_exceedances_at_target_km": 50.89975831950243,
    "expected_tail_exceedances_at_target_mileage": 50.89975831950243,
    "target_tail_conditional_probability": 0.01964645870659952,
    "target_level": 4.777321427285611,
    "tail_conditional_probability_at_target_level": 0.019646458706599534,
    "probability_per_independent_peak_at_target_level": 0.002021905505775814,
    "highd_safety_critical_intensity_per_mile": 0.005364480000000004,
    "highd_safety_critical_return_period_miles": 186.41135767120005,
    "highd_safety_critical_intensity_per_km": 0.0033333333333333357,
    "highd_safety_critical_return_period_km": 299.9999999999998,
    "highd_safety_critical_intensity_per_hour": 0.33680755519246286,
    "highd_safety_critical_return_period_hours": 2.969054537474871
  },
  "total_exposure_km": 44475.65322,
  "total_exposure_hours": 440.16879999999986,
  "following_ego_km": 23487.12666,
  "following_ego_miles": 14594.223894953471,
  "following_ego_hours": 224.60882222222207,
  "all_vehicle_km": 44475.65322,
  "all_vehicle_miles": 27635.889666845622,
  "all_vehicle_hours": 440.16879999999986,
  "ego_mile_fraction_of_all_vehicle": 0.5280895267309578,
  "num_tail_events_before_declustering": 7546,
  "num_independent_peaks_before_tail_filter": 73323,
  "num_independent_tail_peaks": 7546,
  "tail_peak_rate_per_mile": 0.2730507355098044,
  "tail_peak_rate_per_hour": 17.143423159478825,
  "tail_peak_rate_per_km": 0.1696658610650081,
  "tail_peak_rate_per_all_vehicle_km": 0.1696658610650081,
  "tail_peak_rate_per_all_vehicle_mile": 0.2730507355098044,
  "tail_peak_rate_per_all_vehicle_hour": 17.143423159478825,
  "tail_threshold_probability_per_independent_peak": 0.10291450158886024,
  "tail_threshold_return_period_miles": 3.6623230409283885,
  "tail_threshold_return_period_km": 5.893937611979856,
  "tail_threshold_return_period_hours": 0.05833140736814204,
  "safety_critical_level_tail_conditional_probability": 0.019646458706599534,
  "safety_critical_level_probability_per_independent_peak": 0.002021905505775814,
  "highd_safety_critical_intensity_per_mile": 0.005364480000000004,
  "highd_safety_critical_return_period_miles": 186.41135767120005,
  "highd_safety_critical_intensity_per_km": 0.0033333333333333357,
  "highd_safety_critical_return_period_km": 299.9999999999998,
  "highd_safety_critical_intensity_per_hour": 0.33680755519246286,
  "highd_safety_critical_return_period_hours": 2.969054537474871,
  "safety_critical_intensity_per_all_vehicle_mile": 0.005364480000000004,
  "safety_critical_return_period_all_vehicle_miles": 186.41135767120005,
  "safety_critical_intensity_per_all_vehicle_hour": 0.33680755519246286,
  "safety_critical_return_period_all_vehicle_hours": 2.969054537474871,
  "declustering_run_length_seconds": 5.0,
  "declustering_group_keys": [
    "recording_id",
    "ego_id"
  ],
  "declustering_representative": "max_y_long",
  "exposure_denominator": "all_vehicle_km",
  "figures": {
    "human_return_level_threshold": "/home/hp/TREAD/results/highd_following_tail/exposure/figures/peak_evt_human_return_level_threshold.png",
    "survival_intensity_threshold": "/home/hp/TREAD/results/highd_following_tail/exposure/figures/peak_evt_survival_intensity_threshold.png",
    "threshold_sensitivity": "/home/hp/TREAD/results/highd_following_tail/exposure/figures/peak_evt_threshold_sensitivity.png"
  }
}