{
  "scenario_conditions": {
    "mean": [
      31.076894760131836,
      43.66468048095703,
      0.03436710685491562,
      -0.37322255969047546,
      0.08939306437969208,
      0.01914091594517231,
      -0.004334604367613792,
      0.015633059665560722,
      1.2522372007369995,
      0.20349322259426117
    ],
    "std": [
      5.843362331390381,
      34.55113983154297,
      2.945169448852539,
      4.703873634338379,
      0.4360853135585785,
      0.7258687019348145,
      0.25923535227775574,
      0.4945024251937866,
      0.47412192821502686,
      1.6750704050064087
    ]
  },
  "actions": {
    "mean": [
      0.05029522627592087,
      -0.006110997870564461
    ],
    "std": [
      0.44740059971809387,
      0.22399631142616272
    ]
  }
}