{
  "checkpoint": "/home/hp/TREAD/results/diffusion_natural/cutin/checkpoints/best_noise_mse_train_val_test.pt",
  "final_checkpoint": "/home/hp/TREAD/results/diffusion_natural/cutin/checkpoints/final_train_val_test.pt",
  "split_mode": "train_val_test",
  "validation_enabled": true,
  "monitor_split": "val",
  "best_epoch": 963,
  "best_val_loss": 0.045357092365491174,
  "best_val_noise_mse": 0.022122811988411317,
  "best_monitor_loss": 0.08508355418134896,
  "best_monitor_noise_mse": 0.022122811988411317,
  "final_metrics": {
    "epoch": 1000,
    "train_loss": 0.06541967141596537,
    "fixed_eval_loss": 0.1362056028097868,
    "train_noise_mse": 0.028372908358105905,
    "fixed_eval_noise_mse": 0.05887020997870422,
    "train_x0_l1": 0.1523635149663932,
    "fixed_eval_x0_l1": 0.6970343965105712,
    "train_smooth": 0.08422078735238119,
    "fixed_eval_smooth": 0.7631950812414289,
    "val_loss": 0.052640397338906846,
    "val_noise_mse": 0.024671475182427478,
    "val_x0_l1": 0.1443030047872577,
    "val_smooth": 0.07156483485832925,
    "train_cutin_constraint_loss": 0.020968203123079024,
    "val_cutin_constraint_loss": 0.012822973456118285,
    "train_end_y_loss": 0.14396934311939946,
    "val_end_y_loss": 0.09646089596502781,
    "train_post_lane_loss": 0.09340547906337955,
    "val_post_lane_loss": 0.04832337379512765,
    "train_lateral_jerk_loss": 0.19782177201823994,
    "val_lateral_jerk_loss": 0.12402322452768519
  },
  "epochs": 1000,
  "lr_schedule": "cosine",
  "min_lr": 5e-05,
  "fixed_eval_timesteps": [
    0,
    25,
    50,
    75,
    99
  ],
  "fixed_eval_seed": 12345,
  "fixed_eval_split": "val",
  "fixed_eval_max_samples": 512,
  "tensorboard_dir": "/home/hp/TREAD/results/diffusion_natural/cutin/tensorboard",
  "training_history": "/home/hp/TREAD/results/diffusion_natural/cutin/training_history.json"
}