{
  "figures": {
    "cutin_manoeuvre_tail_vs_generated": "/home/hp/TREAD/results/highd_cutin_tail/generated/figures/cutin_manoeuvre_tail_vs_generated.png",
    "cutin_lateral_trajectory_tail_vs_generated": "/home/hp/TREAD/results/highd_cutin_tail/generated/figures/cutin_lateral_trajectory_tail_vs_generated.png",
    "scenario_condition_tail_vs_copula_sampled": "/home/hp/TREAD/results/highd_cutin_tail/generated/figures/scenario_condition_tail_vs_copula_sampled.png"
  },
  "manoeuvre_comparison_horizon": {
    "aligned_to_generated_steps": 100,
    "aligned_to_generated_seconds": 4.0,
    "real_rows_used": 399,
    "real_rows_skipped_shorter_than_horizon": 0,
    "endpoint_metrics": [
      "longitudinal_displacement",
      "total_lateral_displacement",
      "lateral_progress_toward_ego_lane",
      "final_abs_lateral_offset",
      "target_speed_change"
    ]
  },
  "cutin_manoeuvre_metrics": {
    "lane_entry_time": {
      "real_mean": 2.341134020618557,
      "generated_mean": 2.6483440000000003,
      "mean_delta": 0.30720997938144334,
      "real_std": 0.8232264614191783,
      "generated_std": 0.6082550597109735,
      "ks_statistic": 0.17177731958762887,
      "ks_pvalue": 9.286042152164889e-10,
      "wasserstein": 0.30721872164948455
    },
    "longitudinal_displacement": {
      "real_mean": 129.40223039182504,
      "generated_mean": 129.86453462700842,
      "mean_delta": 0.4623042351833817,
      "real_std": 18.800488313369748,
      "generated_std": 18.03851671707828,
      "ks_statistic": 0.036767418546365914,
      "ks_pvalue": 0.6847305368878445,
      "wasserstein": 1.5628937080408392
    },
    "total_lateral_displacement": {
      "real_mean": 2.7234335734431907,
      "generated_mean": 2.7362478951370752,
      "mean_delta": 0.012814321693884523,
      "real_std": 0.5849134664914392,
      "generated_std": 0.5333783277095374,
      "ks_statistic": 0.07294636591478697,
      "ks_pvalue": 0.03713181492389053,
      "wasserstein": 0.06588773074148224
    },
    "lateral_progress_toward_ego_lane": {
      "real_mean": 2.393258133030177,
      "generated_mean": 2.644379193508293,
      "mean_delta": 0.2511210604781162,
      "real_std": 1.0128820408484782,
      "generated_std": 0.5243611512784394,
      "ks_statistic": 0.12322857142857142,
      "ks_pvalue": 2.3798849105441562e-05,
      "wasserstein": 0.25747803510369804
    },
    "final_abs_lateral_offset": {
      "real_mean": 0.5123935223820814,
      "generated_mean": 0.40732322512898245,
      "mean_delta": -0.10507029725309891,
      "real_std": 0.5214129510685233,
      "generated_std": 0.2627213813842189,
      "ks_statistic": 0.08243809523809524,
      "ks_pvalue": 0.01237306521952529,
      "wasserstein": 0.10512194496153295
    },
    "target_speed_change": {
      "real_mean": -0.029248212513170745,
      "generated_mean": 0.008435746574401855,
      "mean_delta": 0.0376839590875726,
      "real_std": 1.7186020365044168,
      "generated_std": 1.5008896640376257,
      "ks_statistic": 0.017543859649122806,
      "ks_pvalue": 0.9997571501324807,
      "wasserstein": 0.07746129731916852
    },
    "max_abs_longitudinal_accel": {
      "real_mean": 0.4999248122978479,
      "generated_mean": 0.4863152260802686,
      "mean_delta": -0.013609586217579295,
      "real_std": 0.4074054416732062,
      "generated_std": 0.2447360473203002,
      "ks_statistic": 0.08697744360902256,
      "ks_pvalue": 0.006978072252202571,
      "wasserstein": 0.05984631308933602
    },
    "max_abs_lateral_velocity": {
      "real_mean": 0.9587719297797459,
      "generated_mean": 0.9153080816149711,
      "mean_delta": -0.043463848164774777,
      "real_std": 0.23630774056955992,
      "generated_std": 0.19523343346365668,
      "ks_statistic": 0.08564611528822055,
      "ks_pvalue": 0.00828118473210691,
      "wasserstein": 0.043638154661057915
    },
    "mean_abs_lateral_accel": {
      "real_mean": 0.20222055136219116,
      "generated_mean": 0.19827627432780062,
      "mean_delta": -0.003944277034390542,
      "real_std": 0.09251860916974584,
      "generated_std": 0.08082526013332127,
      "ks_statistic": 0.05204862155388471,
      "ks_pvalue": 0.25969666813358927,
      "wasserstein": 0.009670730899253932
    }
  },
  "cutin_lateral_trajectory_family": {
    "real_num_trajectories": 399,
    "generated_num_trajectories": 5000,
    "horizon_steps": 100,
    "real_final_lateral_displacement_mean": 2.6445864746743872,
    "generated_final_lateral_displacement_mean": 2.7362478951370752
  },
  "lane_change_event_rates": {
    "lane_entry_rate": {
      "real_rate": 0.9724310776942355,
      "generated_rate": 1.0,
      "rate_delta": 0.027568922305764465
    },
    "post_entry_retention_rate": {
      "real_rate": 0.9223057644110275,
      "generated_rate": 1.0,
      "rate_delta": 0.07769423558897248
    },
    "completed_lane_change_rate": {
      "real_rate": 0.9223057644110275,
      "generated_rate": 1.0,
      "rate_delta": 0.07769423558897248
    }
  },
  "scenario_condition_distribution": {
    "variable_feature_names": [
      "ego_vx_0",
      "log_initial_gap",
      "initial_lateral_offset",
      "initial_delta_vx",
      "target_ax_0",
      "target_vy_0",
      "target_ay_0",
      "final_lateral_offset",
      "time_to_cross",
      "target_speed_change"
    ],
    "feature_histograms": {
      "ego_vx_0": {
        "sampled_input_vs_evt_tail": {
          "real_mean": 31.68441097479416,
          "generated_mean": 31.82883766975403,
          "mean_delta": 0.14442669495986848,
          "real_std": 4.6468108667245165,
          "generated_std": 4.256331664327015,
          "ks_statistic": 0.019519799498746868,
          "ks_pvalue": 0.9984788401308822,
          "wasserstein": 0.2032730404148722
        },
        "diffusion_realized_vs_evt_tail": {
          "real_mean": 31.68441097479416,
          "generated_mean": 31.82883766975403,
          "mean_delta": 0.14442669495986848,
          "real_std": 4.6468108667245165,
          "generated_std": 4.256331664327015,
          "ks_statistic": 0.019519799498746868,
          "ks_pvalue": 0.9984788401308822,
          "wasserstein": 0.2032730404148722
        }
      },
      "log_initial_gap": {
        "sampled_input_vs_evt_tail": {
          "real_mean": 2.218393657501514,
          "generated_mean": 2.229926354334247,
          "mean_delta": 0.01153269683273317,
          "real_std": 1.0650794005459394,
          "generated_std": 1.0657379124933632,
          "ks_statistic": 0.03759398496240601,
          "ks_pvalue": 0.6579628608902014,
          "wasserstein": 0.019902179034627366
        },
        "diffusion_realized_vs_evt_tail": {
          "real_mean": 2.218393657501514,
          "generated_mean": 2.229926354334247,
          "mean_delta": 0.01153269683273317,
          "real_std": 1.0650794005459394,
          "generated_std": 1.0657379124933632,
          "ks_statistic": 0.03759398496240601,
          "ks_pvalue": 0.6579628608902014,
          "wasserstein": 0.019902179034627366
        }
      },
      "initial_lateral_offset": {
        "sampled_input_vs_evt_tail": {
          "real_mean": 0.03186715037601633,
          "generated_mean": -0.02392916214466095,
          "mean_delta": -0.05579631252067728,
          "real_std": 2.9884506919740597,
          "generated_std": 3.094887431575461,
          "ks_statistic": 0.04156641604010025,
          "ks_pvalue": 0.5309729801375358,
          "wasserstein": 0.15685073690360657
        },
        "diffusion_realized_vs_evt_tail": {
          "real_mean": 0.03186715037601633,
          "generated_mean": -0.02392916214466095,
          "mean_delta": -0.05579631252067728,
          "real_std": 2.9884506919740597,
          "generated_std": 3.094887431575461,
          "ks_statistic": 0.04156641604010025,
          "ks_pvalue": 0.5309729801375358,
          "wasserstein": 0.15685073690360657
        }
      },