{
  "checkpoint": "/home/hp/TREAD/results/diffusion_natural/following/checkpoints/best_noise_mse_train_val_test.pt",
  "split": "test",
  "num_samples": 1000,
  "num_available_split_samples": 61474,
  "sample_selection": "random_without_replacement",
  "sampler": "ddim",
  "action_representation": "jerk",
  "sections": {
    "validation": {
      "val_loss": 0.269069017319257,
      "val_noise_mse": 0.22089947525609518,
      "val_x0_l1": 0.410378772546634,
      "val_smooth": 0.71316645210534
    },
    "action_distribution": {
      "real_ax_mean": 0.01949574150300771,
      "real_ax_std": 0.32612038551709666,
      "real_ax_p05": -0.5000114440917969,
      "real_ax_p50": 0.015163421630859375,
      "real_ax_p95": 0.5411148071289062,
      "gen_ax_mean": 0.01989281553631695,
      "gen_ax_std": 0.328558938090349,
      "gen_ax_p05": -0.4978371009230614,
      "gen_ax_p50": 0.01726965419948101,
      "gen_ax_p95": 0.5431941062211987,
      "real_jerk_mean": 0.009078381246477366,
      "real_jerk_std": 0.8109290716927224,
      "real_jerk_p05": -1.2445449829101562,
      "real_jerk_p50": 0.0,
      "real_jerk_p95": 1.2445449829101562,
      "gen_jerk_mean": 0.008524750678822399,
      "gen_jerk_std": 0.7739922919694967,
      "gen_jerk_p05": -1.1284541606903076,
      "gen_jerk_p50": 0.0024556464049965143,
      "gen_jerk_p95": 1.1182557821273802,
      "ax_wasserstein": 0.005473576883223374,
      "jerk_wasserstein": 0.055005991237729784,
      "ax_ks": 0.023031999999999997,
      "jerk_ks": 0.10024800000000006,
      "ax_histogram_l1": 0.09344000000000019,
      "jerk_histogram_l1": 0.062431999999999974
    },
    "physical_feasibility": {
      "action_clip_rate": 0.0,
      "speed_negative_rate": 0.0,
      "jerk_violation_rate": 2.4e-05,
      "ax_violation_rate": 0.0,
      "trajectory_discontinuity_rate": 0.0
    },
    "trajectory_naturalness": {
      "real_lead_speed_mean": 30.835504639312745,
      "real_lead_speed_std": 4.402126021276455,
      "real_lead_speed_p05": 24.0,
      "real_lead_speed_p50": 30.850000381469727,
      "real_lead_speed_p95": 38.189998626708984,
      "gen_lead_speed_mean": 30.84128480984497,
      "gen_lead_speed_std": 4.400354611173756,
      "gen_lead_speed_p05": 23.9750919342041,
      "gen_lead_speed_p50": 30.895267486572266,
      "gen_lead_speed_p95": 38.19696140289306,
      "real_lead_final_speed_mean": 30.91633995628357,
      "real_lead_final_speed_std": 4.527644727396318,
      "real_lead_final_speed_p05": 23.986999797821046,
      "real_lead_final_speed_p50": 30.8700008392334,
      "real_lead_final_speed_p95": 38.671998214721675,
      "gen_lead_final_speed_mean": 30.917124067306517,
      "gen_lead_final_speed_std": 4.5375409875425055,
      "gen_lead_final_speed_p05": 24.022186946868896,
      "gen_lead_final_speed_p50": 30.88567066192627,
      "gen_lead_final_speed_p95": 38.648876380920406,
      "real_lead_displacement_mean": 154.1745403137207,
      "real_lead_displacement_std": 21.89455251611542,
      "real_lead_displacement_p05": 120.45599136352538,
      "real_lead_displacement_p50": 154.41500091552734,
      "real_lead_displacement_p95": 190.70799713134764,
      "gen_lead_displacement_mean": 154.2044348526001,
      "gen_lead_displacement_std": 21.884693380133008,
      "gen_lead_displacement_p05": 120.09807052612305,
      "gen_lead_displacement_p50": 154.40724182128906,
      "gen_lead_displacement_p95": 191.25105209350585,
      "lead_speed_wasserstein": 0.01755840493774414,
      "lead_speed_ks": 0.0048080000000000345,
      "lead_speed_histogram_l1": 0.05131199999999997,
      "lead_final_speed_wasserstein": 0.044322193145751955,
      "lead_final_speed_ks": 0.01100000000000001,
      "lead_final_speed_histogram_l1": 0.09999999999999983,
      "lead_displacement_wasserstein": 0.18394406890869142,
      "lead_displacement_ks": 0.013000000000000012,
      "lead_displacement_histogram_l1": 0.11200000000000027,
      "lead_speed_spectral_l1": 0.001704176848394685
    },
    "interaction_naturalness": {
      "real_gap_mean": 49.775174448417665,
      "real_gap_std": 36.69761280992202,
      "real_gap_p05": 15.350001335144043,
      "real_gap_p50": 37.409996032714844,
      "real_gap_p95": 123.3905059814452,
      "gen_gap_mean": 49.789524607933046,
      "gen_gap_std": 36.6940629183365,
      "gen_gap_p05": 15.288463497161867,
      "gen_gap_p50": 37.39141654968262,
      "gen_gap_p95": 123.34288024902342,
      "gap_wasserstein": 0.04751473942565918,
      "gap_ks": 0.0024080000000000212,
      "gap_histogram_l1": 0.014224000000000028,
      "real_ttc_mean": 560.5776769740295,
      "real_ttc_std": 468.0514811538065,
      "real_ttc_p05": 12.939374446868896,
      "real_ttc_p50": 1000.0,
      "real_ttc_p95": 1000.0,
      "gen_ttc_mean": 560.7880487771492,
      "gen_ttc_std": 468.46950910988386,
      "gen_ttc_p05": 12.92337818145752,
      "gen_ttc_p50": 1000.0,
      "gen_ttc_p95": 1000.0,
      "ttc_wasserstein": 1.1237080721473693,
      "ttc_ks": 0.004624000000000017,
      "ttc_histogram_l1": 0.028047999999999945,
      "real_thw_mean": 1.6029951441079378,
      "real_thw_std": 1.1555522577422994,
      "real_thw_p05": 0.5256532073020935,
      "real_thw_p50": 1.206212043762207,
      "real_thw_p95": 4.043355226516721,
      "gen_thw_mean": 1.603515590437889,
      "gen_thw_std": 1.1554528252108476,
      "gen_thw_p05": 0.5249589055776596,
      "gen_thw_p50": 1.2073065638542175,
      "gen_thw_p95": 4.041830945014951,
      "thw_wasserstein": 0.0014965696874856948,
      "thw_ks": 0.0022560000000000358,
      "thw_histogram_l1": 0.012879999999999989,
      "real_relative_speed_mean": 0.06638575816345214,
      "real_relative_speed_std": 2.2607485185881555,
      "real_relative_speed_p05": -3.4300003051757812,
      "real_relative_speed_p50": -0.030000686645507812,
      "real_relative_speed_p95": 3.890003204345703,
      "gen_relative_speed_mean": 0.06060558763122559,
      "gen_relative_speed_std": 2.263106743875441,
      "gen_relative_speed_p05": -3.434705066680908,
      "gen_relative_speed_p50": -0.04044914245605469,
      "gen_relative_speed_p95": 3.8674114227294916,
      "relative_speed_wasserstein": 0.01436979608154297,
      "relative_speed_ks": 0.006159999999999999,
      "relative_speed_histogram_l1": 0.038288000000000065,
      "real_closing_speed_mean": 0.802426960861206,
      "real_closing_speed_std": 1.4966210123450696,
      "real_closing_speed_p05": 0.0,
      "real_closing_speed_p50": 0.0,
      "real_closing_speed_p95": 3.890003204345703,
      "gen_closing_speed_mean": 0.8022688430786132,
      "gen_closing_speed_std": 1.4982992454915485,
      "gen_closing_speed_p05": 0.0,
      "gen_closing_speed_p50": 0.0,
      "gen_closing_speed_p95": 3.8674114227294916,
      "closing_speed_wasserstein": 0.005833706619262695,
      "closing_speed_ks": 0.0038320000000000576,
      "closing_speed_histogram_l1": 0.02777600000000006,
      "real_min_gap_mean": 46.10088909912109,
      "real_min_gap_std": 34.79098961238465,
      "real_min_gap_p05": 13.836493396759034,
      "real_min_gap_p50": 33.89500045776367,
      "real_min_gap_p95": 117.32749938964844,
      "gen_min_gap_mean": 46.1089762096405,
      "gen_min_gap_std": 34.79042419391577,
      "gen_min_gap_p05": 13.833054304122925,
      "gen_min_gap_p50": 33.87831687927246,
      "gen_min_gap_p95": 117.15253829956053,
      "min_gap_wasserstein": 0.12013019180297851,
      "min_gap_ks": 0.007000000000000006,
      "min_gap_histogram_l1": 0.039999999999999966,
      "real_final_gap_mean": 49.706500061988834,
      "real_final_gap_std": 36.45077686180484,
      "real_final_gap_p05": 15.37799949645996,
      "real_final_gap_p50": 37.40999984741211,
      "real_final_gap_p95": 122.41050453186033,
      "gen_final_gap_mean": 49.73639457702637,
      "gen_final_gap_std": 36.44917440241693,
      "gen_final_gap_p05": 14.980723905563355,
      "gen_final_gap_p50": 37.39729690551758,