{
  "scenario_conditions": {
    "mean": [
      30.533349990844727,
      56.047786712646484,
      0.21182052791118622,
      -0.017017733305692673,
      0.04206022992730141,
      -0.1816907525062561,
      2.3561089038848877
    ],
    "std": [
      6.1633501052856445,
      41.3690071105957,
      2.4980661869049072,
      0.36827078461647034,
      1.6193023920059204,
      0.39120832085609436,
      2.1136975288391113
    ]
  },
  "actions": {
    "mean": [
      0.009313924238085747
    ],
    "std": [
      0.8403409719467163
    ]
  }
}