{
  "evt_model_path": "/home/hp/TREAD/results/highd_cutin_tail/evt/cutin_peak_evt_model.json",
  "evt_tail_threshold_u": 2.2216177764090044,
  "collision_critical_level": 4.685892249590697,
  "collision_critical_level_mode": "human_all_vehicle_km_return_level",
  "human_calibrated_safety_threshold": {
    "method": "highd_all_vehicle_km_return_level_pot_gpd",
    "target_return_period_km": 3000.0,
    "target_return_period_miles": 1864.1135767120018,
    "target_intensity_per_km": 0.0003333333333333333,
    "target_intensity_per_mile": 0.000536448,
    "expected_tail_exceedances_at_target_km": 26.913601337770302,
    "expected_tail_exceedances_at_target_mileage": 26.913601337770302,
    "target_tail_conditional_probability": 0.03715593418546366,
    "target_level": 4.685892249590697,
    "tail_conditional_probability_at_target_level": 0.03715593418546363,
    "probability_per_independent_peak_at_target_level": 0.0037954986533538094,
    "highd_safety_critical_intensity_per_mile": 0.0005364479999999997,
    "highd_safety_critical_return_period_miles": 1864.113576712003,
    "highd_safety_critical_intensity_per_km": 0.0003333333333333331,
    "highd_safety_critical_return_period_km": 3000.0000000000023,
    "highd_safety_critical_intensity_per_hour": 0.03368075551924624,
    "highd_safety_critical_return_period_hours": 29.69054537474875
  },
  "exposure_denominator": "all_vehicle_km",
  "total_exposure_km": 44475.65322,
  "total_exposure_hours": 440.1687999999998,
  "all_vehicle_km": 44475.65322,
  "all_vehicle_miles": 27635.889666845622,
  "all_vehicle_hours": 440.1687999999998,
  "num_tail_events_before_declustering": 399,
  "num_independent_peaks_before_tail_filter": 3906,
  "num_independent_tail_peaks": 399,
  "independent_peak_rate_per_mile": 0.14133795029171692,
  "independent_peak_rate_per_hour": 8.873868388672713,
  "tail_peak_rate_per_mile": 0.014437747610444203,
  "tail_peak_rate_per_km": 0.008971200445923434,
  "tail_peak_rate_per_all_vehicle_km": 0.008971200445923434,
  "tail_peak_rate_per_all_vehicle_mile": 0.014437747610444203,
  "tail_peak_rate_per_all_vehicle_hour": 0.9064704267999008,
  "tail_peak_rate_per_hour": 0.9064704267999008,
  "tail_threshold_probability_per_independent_peak": 0.10215053763440861,
  "tail_threshold_return_period_miles": 69.2628813705404,
  "tail_threshold_return_period_km": 111.46780255639098,
  "tail_threshold_return_period_hours": 1.1031799498746864,
  "critical_level_rate_source": "evt_tail_extrapolation",
  "safety_critical_level_tail_conditional_probability": 0.03715593418546363,
  "safety_critical_level_probability_per_independent_peak": 0.0037954986533538094,
  "highd_safety_critical_intensity_per_mile": 0.0005364479999999996,
  "highd_safety_critical_return_period_miles": 1864.1135767120034,
  "highd_safety_critical_intensity_per_km": 0.00033333333333333305,
  "highd_safety_critical_return_period_km": 3000.0000000000023,
  "highd_safety_critical_intensity_per_hour": 0.03368075551924624,
  "highd_safety_critical_return_period_hours": 29.69054537474875,
  "declustering_run_length_seconds": 5.0,
  "declustering_group_keys": [
    "recording_id",
    "ego_id",
    "target_id"
  ],
  "declustering_representative": "max_y_cutin",
  "figures": {
    "human_return_level_threshold": "/home/hp/TREAD/results/highd_cutin_tail/exposure/figures/cutin_peak_evt_human_return_level_threshold.png",
    "survival_intensity_threshold": "/home/hp/TREAD/results/highd_cutin_tail/exposure/figures/cutin_peak_evt_survival_intensity_threshold.png",
    "threshold_sensitivity": "/home/hp/TREAD/results/highd_cutin_tail/exposure/figures/cutin_peak_evt_threshold_sensitivity.png"
  },
  "evt_diagnostic_figures": {
    "peak_y_cutin_histogram": "/home/hp/TREAD/results/highd_cutin_tail/evt/figures/peak_evt_y_cutin_histogram.png",
    "peak_survival_fit": "/home/hp/TREAD/results/highd_cutin_tail/evt/figures/peak_evt_survival_fit.png",
    "peak_threshold_stability": "/home/hp/TREAD/results/highd_cutin_tail/evt/figures/peak_evt_threshold_stability.png",
    "peak_mean_excess": "/home/hp/TREAD/results/highd_cutin_tail/evt/figures/peak_evt_mean_excess.png",
    "peak_tail_fit_diagnostics": "/home/hp/TREAD/results/highd_cutin_tail/evt/figures/peak_evt_tail_fit_diagnostics.png"
  }
}