epoch,lr,train_loss,train_action_mse_norm,val_loss,val_action_mse_norm,val_start_loss,val_start_action_mse_norm,val_roll_loss,val_roll_action_mse_norm,val_evt_tail_loss,val_evt_tail_action_mse_norm,active_closed_loop_chunks,train_state_consistency_m2,train_teacher_action_mse_norm,train_selected_xi_mean,train_mixture_nll,train_energy_score,train_diversity_penalty,train_smoothness_penalty,train_map_action_mse_norm,train_probability_entropy_penalty,train_candidate_entropy,train_responsibility_entropy,train_effective_candidates,train_probability_responsibility_l1,train_pairwise_trajectory_distance_norm,val_mixture_nll,val_energy_score,val_diversity_penalty,val_smoothness_penalty,val_map_action_mse_norm,val_probability_entropy_penalty,val_candidate_entropy,val_responsibility_entropy,val_effective_candidates,val_probability_responsibility_l1,val_pairwise_trajectory_distance_norm,val_start_mixture_nll,val_start_energy_score,val_start_diversity_penalty,val_start_smoothness_penalty,val_start_map_action_mse_norm,val_start_probability_entropy_penalty,val_start_candidate_entropy,val_start_responsibility_entropy,val_start_effective_candidates,val_start_probability_responsibility_l1,val_start_pairwise_trajectory_distance_norm,val_roll_mixture_nll,val_roll_energy_score,val_roll_diversity_penalty,val_roll_smoothness_penalty,val_roll_map_action_mse_norm,val_roll_probability_entropy_penalty,val_roll_candidate_entropy,val_roll_responsibility_entropy,val_roll_effective_candidates,val_roll_probability_responsibility_l1,val_roll_pairwise_trajectory_distance_norm,val_evt_tail_mixture_nll,val_evt_tail_energy_score,val_evt_tail_diversity_penalty,val_evt_tail_smoothness_penalty,val_evt_tail_map_action_mse_norm,val_evt_tail_probability_entropy_penalty,val_evt_tail_candidate_entropy,val_evt_tail_responsibility_entropy,val_evt_tail_effective_candidates,val_evt_tail_probability_responsibility_l1,val_evt_tail_pairwise_trajectory_distance_norm
1,1.9998265164338583e-05,0.13192593685254,0.02449543668012451,0.27853910928397596,0.15155886436351587,0.034200146448548054,0.016342002473026668,0.29022527434075257,0.15831969973858878,0.5394369418707499,0.2614093014152852,1,0.0,0.0,5.720708778106045,0.03772599626248643,0.03235186097858594,0.016504999883363743,0.03130805020740905,0.035763936919177314,0.430964582494844,1.081322344381528,1.0784696027336111,3.3361500767012497,0.0008001755033820202,0.18208335478146037,0.23979486987529242,0.19457652052561988,0.010465826680891752,0.023030682326255016,0.22571095991958467,0.24854395225426876,1.2593556193445006,1.23103161423444,3.4741505822484777,0.008782571582368469,0.20078013334521896,0.027629134637910717,0.02077381551401434,0.02211224590799276,0.029581752078018927,0.02529518790319454,0.0044220034373028475,1.5223101872732565,1.5201418883853313,4.58111424774789,0.000779678641880732,0.1512745821872031,0.24993190460559425,0.20290553339074005,0.009887821954341316,0.022703222833084926,0.2350485106199036,0.26098517197872684,1.2462078905401701,1.2165760926641656,3.4188023738489957,0.00918271727098491,0.2032554263669841,0.4727991737190587,0.4037752770752448,0.009363538324836936,0.028294599424110285,0.4723113905003372,0.27362824842031525,1.2257256179623528,1.1829738294352834,3.314891742744166,0.011727719195609141,0.23212665173453814
2,1.9993061326166506e-05,0.08393017543153772,0.021425398961375186,0.2857058604904947,0.16206385558378825,nan,nan,nan,nan,nan,nan,1,0.0,0.0,3.9515597367015847,0.03500070247684407,0.027861214177608864,0.019419890848526036,0.027959908782965736,0.03327221190663669,0.003319378915108881,1.5266683413274522,1.524839993099191,4.602459099716573,0.000872380692536036,0.14830438711222335,0.24687332904943043,0.2066340410791693,0.00957522933863864,0.022762933926015215,0.23274766279579312,0.23655021200117096,1.2703346164447133,1.244914854123823,3.519441792132793,0.00819999351468496,0.19216194436534417,,,,,,,,,,,,,,,,,,,,,,,,,,,,,,,,,
3,1.9984390491662443e-05,0.08068389186732536,0.0209650681762981,0.3061790027442363,0.17443008371499244,nan,nan,nan,nan,nan,nan,1,0.0,0.0,3.7592857440727157,0.03377724032489121,0.026917525073750788,0.01818960731667647,0.02494148893477857,0.032297812484806857,0.0017578636297157192,1.5293758415552474,1.528068363938321,4.617126107166274,0.0007995370699417026,0.13922610241934696,0.2657489870934088,0.22546950631628201,0.009255964780383274,0.022184782754985116,0.24790686059920633,0.23548783763133152,1.2708603759651917,1.2430996400014058,3.5141845139442762,0.00854654786080782,0.1966716034948662,,,,,,,,,,,,,,,,,,,,,,,,,,,,,,,,,
4,1.9972256003598153e-05,0.07817573036062793,0.020328122544280507,0.3134338356994929,0.18473013102528854,nan,nan,nan,nan,nan,nan,1,0.0,0.0,3.5424595500829215,0.03275765173057235,0.02601481752313743,0.01756777940611132,0.022847940563779826,0.03148157007680043,0.001165238597323248,1.529266522211094,1.5281649904099617,4.617556825858726,0.0007512599766590093,0.1353407997452651,0.27203387473763724,0.23448563885150495,0.009630345827395477,0.02156233090302445,0.25744315034777315,0.23301228939240776,1.2733807185704595,1.2476233207936593,3.527889779499768,0.008235288185776108,0.19355377300061913,,,,,,,,,,,,,,,,,,,,,,,,,,,,,,,,,
5,1.9956662540049773e-05,0.0770108017135995,0.020071387621221466,0.33258414116296203,0.20224180327364366,0.027552327313819944,0.013494646849191305,0.34739244032710564,0.21167916016064428,0.6225446310018125,0.32811565623877115,1,0.0,0.0,3.506290859452997,0.03236158442493309,0.025671800771733123,0.016950943879666062,0.02123540486067223,0.030876556161698106,0.0008889406479543521,1.5281963235726537,1.5272359344430948,4.61323065488097,0.0007151262123882545,0.1330022246548488,0.2898954576707399,0.2553330749681334,0.009077814372290714,0.021111915139498224,0.2685661612615744,0.23411890734065857,1.2718900059823166,1.2460212909304968,3.5200300808022256,0.008124649088707367,0.19205399035392234,0.02235206822266899,0.016051386290194578,0.01848593193122354,0.02040919752136456,0.02040203729610874,0.0004511922006042986,1.5290615600721358,1.5282799356202363,4.61824444486744,0.0005455622052630405,0.12859444279424942,0.3028858212500817,0.26698567536671297,0.00862345404201192,0.02114705008381557,0.28033514307167584,0.24596519890741592,1.2590314305689834,1.2319083690742014,3.4651193937014604,0.008503602593578128,0.19522696176046073,0.5471537083220163,0.4916335624684071,0.009318986696375629,0.02527617156203317,0.5625248453421072,0.2514300857271467,1.2469870587798815,1.207039667606148,3.3890612722214923,0.010648236183323414,0.20994862571300799
6,1.993761611259434e-05,0.07411601077348146,0.01968168881947445,0.3418932922832871,0.21132031804639223,nan,nan,nan,nan,nan,nan,1,0.0,0.0,3.2854803608221315,0.031139944290620024,0.02450256134129298,0.016560136207378156,0.020216044513929797,0.029508950711796735,0.0007191867208047862,1.5270146359446815,1.5261235802574888,4.608047226593848,0.0006877096490919319,0.13145649361574316,0.29885613078160433,0.263949843001795,0.008969794811675019,0.020580391786219444,0.27286972637744694,0.23118833706946623,1.2751336552508286,1.2456627696792206,3.5212462902351103,0.008475784796756656,0.19175999884580097,,,,,,,,,,,,,,,,,,,,,,,,,,,,,,,,,
7,1.9915124063992195e-05,0.0737062347194868,0.019650212944385247,0.33699140938849714,0.20698344751702946,nan,nan,nan,nan,nan,nan,1,0.0,0.0,3.088017931051457,0.03100267422293398,0.024341922052548367,0.016256169424495464,0.0194016018509248,0.02946084846949169,0.0005699495266689712,1.5266889300983928,1.5258300676997945,4.606619226313274,0.0006714240884574123,0.13036287024794121,0.29467316730370996,0.2606411574838973,0.007932534447586962,0.020584351120169486,0.2679302518879158,0.2304616349433906,1.275809640654138,1.248091922230902,3.527978392469681,0.008260779124244954,0.19338260888674394,,,,,,,,,,,,,,,,,,,,,,,,,,,,,,,,,
8,1.988919506535624e-05,0.07231152063947613,0.01927586968226551,0.3362296822873606,0.20894394577524228,nan,nan,nan,nan,nan,nan,1,0.0,0.0,2.8265851763627357,0.030453535014164305,0.02382598268831041,0.015844951825678334,0.018369554662898968,0.028773596354706475,0.0005233456289314068,1.52500541797888,1.5241100803431498,4.5986761985004945,0.0006679756886798278,0.13058782905076588,0.2944057114952633,0.2630246601329252,0.008078762728308464,0.019736334626981586,0.2649596462377154,0.22577163942045197,1.280892329913697,1.2532586334486104,3.5450189887650683,0.007936606107934946,0.18983994256881853,,,,,,,,,,,,,,,,,,,,,,,,,,,,,,,,,
9,1.9859839112809026e-05,0.34233469631647145,0.10458106123837888,0.18716526493215546,0.11723909291783037,nan,nan,nan,nan,nan,nan,2,0.0026005367859126788,0.0,3.337701423464794,0.15027950866549603,0.13692043809056578,0.019728207421142705,0.02127284855002105,0.1504682794895532,0.016895074685429806,1.540483216231268,1.535142176644798,4.667195976335143,0.0030945790184499183,0.14692839634534274,0.1657344386736378,0.15255825405303522,0.02576283365209347,0.018850797449920794,0.1575927384483027,0.001860733557362638,1.5556479214923973,1.5483448477969057,4.720633439602863,0.003312393645964838,0.14192969100828248,,,,,,,,,,,,,,,,,,,,,,,,,,,,,,,,,
10,1.9827067523629075e-05,0.32524011539908965,0.10163113160925787,0.19069945689348156,0.12024594082598655,0.028271385378514084,0.013727799438817658,0.19844728635016792,0.12557185767588225,0.43127326934204874,0.22625125987060532,2,0.002587630798959062,0.0,3.6345680233257323,0.14305782516849277,0.13190763781614345,0.020988823457911553,0.020801311562962756,0.14349871438132883,0.0016822533758034948,1.5564471205195556,1.5524091824778226,4.735924036127952,0.0026841552762663927,0.13978020275973152,0.16901547613315454,0.1566917619013182,0.023200652197622025,0.017740067681999656,0.1636663458971938,0.001858599518588096,1.5580880844477072,1.5510257664220888,4.732632181580071,0.0032582137505349396,0.1400557806415568,0.022464547816550627,0.016581384878419765,0.021897108744058,0.022449703834283134,0.020824903803868856,0.0009893980688285148,1.5557363771647061,1.5546343143029233,4.742899529234615,0.0005510635788174035,0.12985286394759157,0.17601285625394889,0.16336751839039218,0.02327273363613411,0.017504449199983063,0.17039646789699922,0.0019030605813643697,1.5582056663485941,1.5508453421986539,4.732118819794826,0.003393571091718668,0.14056593192423186,0.38194099042273616,0.35595742206301834,0.022121038635164486,0.02143284530380084,0.42158168580995636,0.0016408696244914931,1.5480448085787382,1.5332379834529497,4.6496643719613475,0.005063218521926975,0.15734197476530673
11,1.9790892931887853e-05,0.3191069178488044,0.10087080327936693,0.1861560251949018,0.11912323891549001,nan,nan,nan,nan,nan,nan,2,0.0025799450265766664,0.0,3.5797925934864563,0.1404050124718226,0.13004048292830056,0.02056863204096103,0.02061876419170021,0.14029722779270987,0.001506906132539367,1.5545589224791887,1.5507828756985715,4.7279065333788814,0.0025130564651028487,0.138052644723693,0.16519347963262063,0.1534515545162997,0.021765229445430346,0.01740522841223779,0.1590327599336124,0.0017183495550156397,1.553437767453375,1.546801563177434,4.712117415779913,0.003125924155268433,0.13626994576927445,,,,,,,,,,,,,,,,,,,,,,,,,,,,,,,,,
12,1.975132928357909e-05,0.3178862953991658,0.10104380299909321,0.1874764618734671,0.11970981975573024,nan,nan,nan,nan,nan,nan,2,0.0025623452391827593,0.0,3.656145274820145,0.1399155379983081,0.1298382147251053,0.020161705578453155,0.020200949035356085,0.13980458899541498,0.001481867733368744,1.552210590921988,1.5486983691740528,4.717649441676135,0.002414103937073957,0.13641639711888126,0.16667116508057486,0.15455518998839082,0.020061169857276632,0.016442100856839073,0.16001240562993593,0.0016981618799419348,1.5532006702879388,1.5458855109765126,4.707506518317844,0.003185436257365575,0.13714049590607935,,,,,,,,,,,,,,,,,,,,,,,,,,,,,,,,,
13,1.970839183124234e-05,0.31351104258019097,0.10006951364713536,0.18552753515747553,0.11825625494915219,nan,nan,nan,nan,nan,nan,2,0.0025543341814567677,0.0,3.633567498353686,0.13805231818214045,0.12806071077866538,0.01955590246983822,0.01981554122774162,0.13781559741569446,0.001249746482722437,1.551498742762535,1.5480669936992102,4.7145365069392815,0.002366270831130856,0.13617203603366662,0.1641615469946699,0.15275327405421735,0.023568672569086967,0.015570433278367239,0.16095470627701805,0.0010395699703911068,1.557777410597389,1.5517769377345179,4.73455071263012,0.0029582881791602018,0.13269953718821217,,,,,,,,,,,,,,,,,,,,,,,,,,,,,,,,,
14,1.9662097128082828e-05,0.31283872123989176,0.10020338554802533,0.18397218713963565,0.11886011280914116,nan,nan,nan,nan,nan,nan,2,0.0025488560312890277,0.0,3.8427216780451365,0.13775046617710948,0.12824378897805158,0.019714944784620717,0.019639069051407776,0.13724571823390103,0.0012440337925833976,1.549886694462619,1.5465252067706627,4.7068653042051745,0.0022831526330288265,0.13520454916344984,0.16304424469854584,0.1524235527666005,0.022692730387044703,0.015004026349167403,0.1577259899053793,0.0015431530928326233,1.5487475910315647,1.54226884774589,4.689314637729974,0.0028195445769990464,0.13158343496437763,,,,,,,,,,,,,,,,,,,,,,,,,,,,,,,,,
15,1.961246302158988e-05,0.31020145034853475,0.09938798470949427,0.18654430586104737,0.12153346960633843,0.02832977387000009,0.014418296360483428,0.1940971339573107,0.12688923699555746,0.4000563353499463,0.21879888493302416,2,0.002536940450453917,0.0,3.872741246328365,0.13660381785021122,0.12718952629187233,0.01928960430521487,0.019390988666348016,0.13632585686578702,0.0012222192904084834,1.5495123229814987,1.5462017700088109,4.705263446148971,0.0022315349208301815,0.13498811119417142,0.16546420627992278,0.1550670301730556,0.021488142550184608,0.014732639470649653,0.16104894924606927,0.0010797302473308994,1.5502173581439063,1.5440307201624135,4.697016236608426,0.0027517995313411417,0.13213553155381896,0.022832133218297503,0.016809595753254667,0.019771323635591233,0.023053516529822814,0.021149997102010695,0.0003662183837014675,1.5535863581169616,1.5522160506253408,4.731002649612442,0.0005472139222402827,0.12972403705379185,0.17227492351335563,0.16164566899488442,0.021582474582355304,0.014314625008304318,0.1676961153729612,0.001112498728041932,1.5500489147186673,1.5436214603279175,4.695316933608406,0.002862028450861456,0.1322561091921192,0.3562828718516196,0.33369854812574223,0.02034820880488455,0.018121944487184915,0.37152833200550617,0.001003839685728337,1.541520570391563,1.5280478687496293,4.622170368864663,0.004433746195917191,0.14777374546371969
16,1.9559508646656387e-05,0.30850028682680514,0.09918455320774068,0.18476243816426507,0.11943407196989007,nan,nan,nan,nan,nan,nan,2,0.0025367496193502725,0.0,3.787060855676066,0.13587024424790073,0.12670728505049858,0.019274095673532197,0.01937967799636593,0.13530556747459566,0.0010685349976092826,1.5473264998977927,1.5440577971308633,4.694880375519681,0.0021616288821333,0.13480536314667949,0.16363193639724144,0.15349716406186567,0.023805404191814518,0.014295973501926343,0.1584079215603746,0.0008193599364038593,1.5558900885273592,1.549492310600609,4.722311638969347,0.0026316477824820444,0.13195252835161883,,,,,,,,,,,,,,,,,,,,,,,,,,,,,,,,,
17,1.950325441820191e-05,0.7528777115172515,0.2730987560204109,0.19407157416504717,0.12374761384668463,nan,nan,nan,nan,nan,nan,3,0.008056271812090954,0.0,3.629205521892712,0.33488032815951263,0.32264183450952966,0.019924427620832318,0.018665662200776322,0.33697695274916256,0.00098494725070703,1.5484338439621368,1.5432219341013749,4.692497424338482,0.0035235605081181246,0.13868030613922414,0.17240734033646354,0.1594960403248677,0.024922694622519403,0.014335925239189116,0.16154350634441442,0.0006631861599362334,1.5486907737712023,1.5401716263130583,4.679458666224262,0.0034263708403298606,0.13631077860967705,,,,,,,,,,,,,,,,,,,,,,,,,,,,,,,,,
18,1.9443722023302363e-05,0.7415770757190207,0.26774759352377114,0.19662276468863701,0.12256591024777438,nan,nan,nan,nan,nan,nan,3,0.00805097261617427,0.0,3.96877509745915,0.3295375598594398,0.315904890775689,0.02139877728851625,0.018632431189827336,0.33233702121815695,0.0010632986935947052,1.546579900254046,1.5404961768478687,4.680170021654279,0.0038007196612566334,0.13970566760503325,0.1747218396825857,0.16088615484163574,0.022750802100386415,0.014349474014707916,0.16684482594210664,0.0010293179044854439,1.5451956579685704,1.5380459594328928,4.668916722662674,0.0035418666261844397,0.13886097026327077,,,,,,,,,,,,,,,,,,,,,,,,,,,,,,,,,
19,1.9380934412829234e-05,0.7425518610593276,0.267576973404097,0.19677767817088648,0.12111591932275102,nan,nan,nan,nan,nan,nan,3,0.00797574626650971,0.0,4.201689079286323,0.33005325266088503,0.3162924051596157,0.02084031195891447,0.018606929416519778,0.33300811409286357,0.0010214203057103608,1.5466871031512186,1.5406232858957443,4.680299846115045,0.0038229849792637068,0.1407962451809229,0.1748325061423727,0.16056107327883581,0.02200944746087146,0.013883778948902954,0.1684559115411353,0.0010743072412861439,1.543571559167449,1.5370606420711104,4.6636696825135475,0.0035434012067891633,0.1433260463003003,,,,,,,,,,,,,,,,,,,,,,,,,,,,,,,,,
20,1.931491579260158e-05,0.7398073572602817,0.26519255965432764,0.1920743906074411,0.11881709985028958,0.03115706904362359,0.015478731018030923,0.1996726157220593,0.12398401880382727,0.41023831335079275,0.21300412577174582,3,0.00791731473003808,0.0,4.307984600627135,0.32877826536283217,0.3145764372077801,0.020853961378996422,0.01855080027912337,0.3323043214972204,0.001001658213248108,1.5459068265438363,1.5395521437219464,4.675259503476976,0.00391574800779143,0.14181534720975658,0.17014715384197224,0.15722884469362838,0.02430399638900366,0.013982269377110987,0.165405247480124,0.0005800097976199786,1.5468200853300513,1.5417098954740767,4.684265192415789,0.003265634443835964,0.13807214313582813,0.02512155691336411,0.01907218411654277,0.020922771415474054,0.02857535920745713,0.023728747950888796,0.0009549246485208384,1.5477740710775099,1.5466961118997784,4.7055897213267235,0.0005905854465319235,0.1344556480498078,0.17699478636183272,0.16371448932881436,0.024484448898895957,0.01324425638300357,0.17207351427743509,0.000564450319950754,1.546772387410217,1.541460589384396,4.683198960951164,0.00339938689696253,0.13825296811424806,0.3638139341121405,0.3348732367190092,0.023200601579707453,0.018159680962433936,0.39380711583315325,0.0006647858351475471,1.5409999480780519,1.5286591830416183,4.62284187227166,0.005266972120094001,0.15701558149267386
21,1.9245691614054224e-05,0.7361850205726056,0.2642016939481567,0.18703111972548894,0.11622118782622763,nan,nan,nan,nan,nan,nan,3,0.007895243464715807,0.0,4.42231954300565,0.3272215791067267,0.313298338308388,0.02066496430194319,0.018574627991613846,0.33026828759446536,0.0008792303852027237,1.5464359933282126,1.5402240426544407,4.678064365987659,0.003842325267839097,0.14162403803926005,0.1654518601305118,0.15275816548466206,0.024861078664330412,0.013324865019742341,0.16091646224804082,0.001952426132641072,1.5337068362087545,1.5292517626641944,4.626224293480232,0.003136222657391501,0.13734656659350916,,,,,,,,,,,,,,,,,,,,,,,,,,,,,,,,,
22,1.9173288564425733e-05,0.7340927901037531,0.26267117062097073,0.18425119103735554,0.11268690444958021,nan,nan,nan,nan,nan,nan,3,0.007893160416387114,0.0,4.539927535058208,0.3262701451773926,0.31250157443236554,0.02072890955608559,0.018604482797359573,0.32932350023267276,0.0008440644313150824,1.54598988320218,1.5398498011949662,4.675918108099108,0.003834587371321206,0.14199893608115785,0.16307512429191512,0.14938849995419645,0.023779222858955635,0.014567983368858416,0.15942258795903816,0.0005471787860295849,1.5457053376939023,1.5405446961703206,4.67830976582428,0.0032690412166515212,0.1431112751072563,,,,,,,,,,,,,,,,,,,,,,,,,,,,,,,,,
23,1.9097734556469992e-05,0.7315739118363024,0.26230030976004387,0.18707426707803537,0.11433123751558692,nan,nan,nan,nan,nan,nan,3,0.007793064194707839,0.0,4.556700029875832,0.3251282220004234,0.31112702655565094,0.020710509532964237,0.01877159899446645,0.328422799435596,0.0009421229711614192,1.543929229764843,1.5375944604155338,4.665463664442773,0.0038534007923841478,0.14273289683356088,0.16573148239094965,0.15114745859060127,0.02414156342691483,0.013932678132578848,0.16050636378373662,0.00040226036741257713,1.5462470635758092,1.5402948031459458,4.677027023857002,0.003498481364106816,0.14483753771605948,,,,,,,,,,,,,,,,,,,,,,,,,,,,,,,,,
24,1.901905871769531e-05,0.7309780858731711,0.26139291656152086,0.18988500130115912,0.11496904709561437,nan,nan,nan,nan,nan,nan,3,0.007801470563233934,0.0,4.679410895429188,0.3248894620146264,0.3109330091439984,0.02062856079704196,0.01869336993857715,0.3280162121627439,0.0008430832253674842,1.5442644276768034,1.5378833144952526,4.666582950717753,0.0038646937118471947,0.14324451455854165,0.16836962210302586,0.15494229200613063,0.021650635127361408,0.01374886297539397,0.16551220273188627,0.0005930395426592956,1.543326001731741,1.5389978912878732,4.670430731562574,0.0032884543336199512,0.1450261534766457,,,,,,,,,,,,,,,,,,,,,,,,,,,,,,,,,
25,1.8937291379135194e-05,1.1525719971699355,0.43650422359077984,0.18827632386470372,0.11238981502736894,0.032129488577879235,0.01621510241627138,0.19563622530413277,0.11719854450378821,0.39569008952657053,0.19911179428033443,4,0.016636466367774595,0.0,4.673390746795313,0.5134051780523236,0.4983130100867034,0.019893700069150387,0.017375240917654623,0.5179076813972181,0.0007546606575353472,1.5452983623982492,1.5382332964690255,4.668138471017069,0.004536324992746677,0.14567271442918717,0.16728550368019904,0.15228362910743193,0.020440279955264873,0.014596382037548074,0.1624225683974519,0.00027442581595085513,1.5493776430408124,1.543578432147541,4.691969618298285,0.0035498658100634223,0.15333504664260575,0.02654839138918919,0.01979070238266283,0.017130353481974742,0.03089766422677203,0.02479985483673956,0.0004934972488070074,1.5564028375219345,1.5551945415448265,4.745174855856243,0.000638580000611368,0.138561033152616,0.17391983284229226,0.15850541317766434,0.02061821339461861,0.013771275775416486,0.1688761480432987,0.0002655682393114533,1.5490263731478164,1.5429976205494162,4.6893093034471445,0.0036954297885260943,0.15407374390667947,0.35039980983201624,0.31643498979949414,0.017798735068393103,0.01935267559323825,0.3924846744770164,0.0002825420806453719,1.5471062570694556,1.5334730763141071,4.645358699737668,0.005813378643828943,0.1768715088100952
26,1.8852464063655174e-05,1.146291012838093,0.4332407735842997,0.18514927775985257,0.10906916857713125,nan,nan,nan,nan,nan,nan,4,0.016554268948204845,0.0,4.726654335502191,0.5105900548761778,0.4953435602190897,0.020139016351032643,0.017774223006214715,0.5147489039925551,0.0006306600653493633,1.545086522136258,1.5379712507581913,4.666646759988574,0.004521156862665178,0.14702570234888104,0.16407643687694398,0.14969853360022914,0.0211360324022475,0.014749683452493667,0.16216942517358796,0.0008202143517975599,1.5402711659358783,1.5355219571880965,4.654094016966879,0.0033669575761194974,0.15385403191868458,,,,,,,,,,,,,,,,,,,,,,,,,,,,,,,,,
27,1.8764609473800125e-05,1.1479923071502551,0.43222251419651936,0.19167737104878843,0.11130142141371824,nan,nan,nan,nan,nan,nan,4,0.016483034580856187,0.0,4.838330149717069,0.5114347536035732,0.49570328215111875,0.01964559864378507,0.017798717452604803,0.5155926735576174,0.0007148593230044668,1.5443197731513958,1.5368134682347143,4.661294235310114,0.004645624911298489,0.14927773571674713,0.16980268686360306,0.15373196383124604,0.021634066076401465,0.014530809755803167,0.16908411197766415,0.0007707063399249744,1.5427214125602415,1.5372769320148971,4.662547112743615,0.0036743227971258513,0.15894982001673735,,,,,,,,,,,,,,,,,,,,,,,,,,,,,,,,,
28,1.8673761479186827e-05,1.1408494653182104,0.4293220552784855,0.1897033174562402,0.11039046119801287,nan,nan,nan,nan,nan,nan,4,0.01637773300988514,0.0,4.847323628050666,0.5081971832356004,0.49185403965779495,0.019775728460884805,0.018156611050388564,0.5126193926216863,0.0006607774657226084,1.5458834281814673,1.538197799058802,4.667628194373375,0.0046866566197246735,0.15093619215479778,0.16840153549530887,0.15335826334848754,0.01956844914885334,0.014793211928731185,0.1667603632415649,0.00017926276890934173,1.5539735840740092,1.5490498721403934,4.716652971008195,0.003491763190034222,0.16024268730572885,,,,,,,,,,,,,,,,,,,,,,,,,,,,,,,,,
29,1.8579955103446577e-05,1.1386360575713659,0.42643908629386346,0.19451363249164824,0.11168590906958875,nan,nan,nan,nan,nan,nan,4,0.016475748973379382,0.0,4.974777290214237,0.5072817150838018,0.4906002343527928,0.019605607454000487,0.01813485949667397,0.5109171965812761,0.0006628793983310427,1.5455869367351627,1.5376823149335122,4.665121381971804,0.004783263850575896,0.15312033997727398,0.1723880118381569,0.15577082862766264,0.02137075174573117,0.014711410850940836,0.17192458955966367,0.00045452267255523385,1.5464146523711548,1.5408907844507247,4.679078494165391,0.0037716857265701078,0.16083810731874804,,,,,,,,,,,,,,,,,,,,,,,,,,,,,,,,,
30,1.8483226510722907e-05,1.1339340081619618,0.42517761915158786,0.19585893523383932,0.11266382149982965,0.03253757356965031,0.016510295441412352,0.20362236253335791,0.11747149439436436,0.3832145378437339,0.19040178063489982,4,0.01635030607846099,0.0,5.019864192355635,0.5051697555590645,0.4883801807775077,0.01969139637188075,0.018119109219144423,0.5088312902851371,0.000682255950840422,1.5452449378700628,1.5371889508163283,4.66262467088643,0.0048042717050730075,0.15315107868307398,0.1738377300129286,0.15783198052302264,0.020070121192149463,0.0151056693934928,0.17265076097879256,0.00032468522417599554,1.5470701623266818,1.5418757003729244,4.6831243627367565,0.003699500724569941,0.16195619838920297,0.02618850856214373,0.020094857160854084,0.021884584156832965,0.03212149318356219,0.024688556719717095,0.0015071622265697133,1.5423560223848867,1.540730149917192,4.6772250938257605,0.0005971850985344025,0.13559030763260502,0.18086283307975184,0.16435309516065882,0.019991670187059163,0.014244035909292034,0.1796150743763927,0.0002660015944915523,1.5473058729274405,1.5419329849500583,4.683419327677666,0.0038546161887300905,0.16327450021740517,0.3380063049459848,0.3018867419578415,0.018753067785242945,0.02064087830305447,0.39152446766389976,0.000351085532460656,1.5488902206404433,1.5360765114497357,4.656768759726243,0.0057890339033822074,0.1884658969086617
31,1.838361299172962e-05,1.1331137714144661,0.42327282473926636,0.18404830168883876,0.10460733430025568,nan,nan,nan,nan,nan,nan,4,0.016271778219231262,0.0,5.018111106924945,0.5048357012669945,0.48763563486875844,0.01952509835190127,0.018264713051980398,0.508530621916019,0.0006558035705796285,1.5452981323918609,1.536922536621164,4.661332183869066,0.0048399702102966,0.15584528219084198,0.1631593204267797,0.14638722438746266,0.02064397173648948,0.015005468444469485,0.16172421063312278,0.00012074918476699861,1.5556956198981353,1.5497433677565555,4.719612836275158,0.0036738209247365043,0.1670754576845426,,,,,,,,,,,,,,,,,,,,,,,,,,,,,,,,,
32,1.8281152949374527e-05,1.1337013072785902,0.4215875002618507,0.18656888696487253,0.1047739780911196,nan,nan,nan,nan,nan,nan,4,0.016347288965512654,0.0,5.053905705283536,0.505160686287768,0.48733674577319974,0.019231412772955037,0.018157709602093352,0.5085321366810706,0.0007263602385364384,1.5441531929000814,1.535314191959655,4.653935889871484,0.004958950060664899,0.15814065479752945,0.1653634709247759,0.14839846585881727,0.02015966358697183,0.015148100642535932,0.16529999682329188,0.00032001291678650256,1.549380959822763,1.5434539614371814,4.690506613853467,0.003644598701689643,0.17072113767223532,,,,,,,,,,,,,,,,,,,,,,,,,,,,,,,,,
33,1.8175885883954364e-05,1.5061475257825911,0.5770257861436716,0.1888923814240708,0.1039154676984499,nan,nan,nan,nan,nan,nan,5,0.03780772095013289,0.0,5.02485533514572,0.6695254349496828,0.6500928282498137,0.019047390062360604,0.01711671485370924,0.6737558630915037,0.0005437055683578225,1.5451753308974574,1.5355895614857917,4.655523498736593,0.00555877966538332,0.15883007626278484,0.16809628739392105,0.14755236235463395,0.017033954832519897,0.015138215151815574,0.16606084499888746,0.000160205492397706,1.554085847406951,1.5462911163121051,4.703999730029598,0.0042638375164118225,0.18035664740562876,,,,,,,,,,,,,,,,,,,,,,,,,,,,,,,,,
34,1.8067852377926703e-05,1.5014652010696679,0.5708078467528112,0.19286694270069407,0.10567341534683085,nan,nan,nan,nan,nan,nan,5,0.03780302245888892,0.0,5.029408095368339,0.6674788996901692,0.645641443716587,0.018377640853230487,0.01722092296727527,0.6722601206246512,0.0005378506993142522,1.5452235748345597,1.5345247911146465,4.650950866732926,0.005962369062293631,0.16446201145204598,0.17146968450624733,0.15029494595034307,0.018054424913596066,0.014719987116829184,0.17023199928877789,0.00031490424774674865,1.5511383002931758,1.5437367394747639,4.692438750959787,0.004361544647838313,0.1781542022947473,,,,,,,,,,,,,,,,,,,,,,,,,,,,,,,,,
35,1.795709408026463e-05,1.499779216701817,0.568889777293991,0.1908060955393902,0.10487130259523324,0.03368826222543735,0.017231894160027683,0.19827960486171212,0.10925327304911846,0.36991786395983806,0.17556430720818625,5,0.03764078094880457,0.0,5.073483427546812,0.6665874101175978,0.6434594772369991,0.019030061673921538,0.017319094905395387,0.6722587909333332,0.0005377829457210248,1.5474307402156608,1.5360367677392524,4.658438075375426,0.006098781588255772,0.16496781133902352,0.16976327240682104,0.14869886747850483,0.01881084434392201,0.01540652345008918,0.16571363537122677,0.0001755780122894551,1.5565196475832637,1.547461745312936,4.709484391957393,0.004299547798710397,0.1812367605445485,0.02750049345449764,0.020830134292353114,0.019843307087135054,0.033421661168540444,0.026155873710689424,0.0010633530985479942,1.5439871441328459,1.5420745576249717,4.683265127668813,0.0006576264901757565,0.14079519700211932,0.17654271007867314,0.15472231412718593,0.018769104491832143,0.014494192269238421,0.17222848751546926,0.00013030696288282963,1.5571462722802798,1.5477311046827755,4.710795346056544,0.0044816458483344776,0.18325884412495252,0.32293501002718056,0.2784617663388063,0.01707063935677785,0.022406503855201335,0.4140545222192784,0.00016232692825919067,1.5644248704947321,1.5456649142192467,4.703043074354716,0.006597607525770565,0.21550130438305562
36,1.7843653690400277e-05,1.5001902180318039,0.5666573344291675,0.19070509629422727,0.1048454666727185,nan,nan,nan,nan,nan,nan,5,0.03777625894328394,0.0,5.050636487169136,0.6669519137688327,0.6428844413713796,0.018325201617276517,0.017459841826051377,0.6715264506692473,0.000549623552343106,1.5467759929385951,1.534892080807398,4.653045910234343,0.006197443609361622,0.16760498055673498,0.16960474416020035,0.14816394298026114,0.019421316426101176,0.015522183818395022,0.16537421991972664,0.0002574310377709606,1.5535214987991794,1.5442332898850986,4.694540987729103,0.004256411398770255,0.1822424911437813,,,,,,,,,,,,,,,,,,,,,,,,,,,,,,,,,
37,1.772757494176337e-05,1.4963685387145145,0.5641954607205641,0.1912025267894297,0.10320532020742905,nan,nan,nan,nan,nan,nan,5,0.03766418851693801,0.0,5.079298753931683,0.6652318392789927,0.6399616017575762,0.018289597748248374,0.017514656095745998,0.6701177045840543,0.0006244682988370128,1.5454376744114477,1.532853817560418,4.643932707612034,0.006383527704929475,0.16912658032849415,0.17037091841055627,0.14610004770670107,0.017685048172305637,0.015256015653086501,0.1655322009670402,0.00024139979738697182,1.55524576089389,1.5448655958823154,4.697539465457785,0.004683964730007388,0.190278205901246,,,,,,,,,,,,,,,,,,,,,,,,,,,,,,,,,
38,1.7608902584921165e-05,1.4939281414191665,0.5619198480970955,0.1905915147603346,0.10342487082236529,nan,nan,nan,nan,nan,nan,5,0.037523951522054906,0.0,5.067354696375349,0.6641698207897486,0.638084362733812,0.018125580176782327,0.01739416447801016,0.6692279043429458,0.000622930962868879,1.5445210959090752,1.5314541220338833,4.6376263819129,0.006491545686787239,0.17097015664528045,0.16953118098907707,0.14687087439948204,0.018840155922230928,0.015452691854591085,0.16575992620544394,0.0007016336856274706,1.5459076044662905,1.5358329199530574,4.655577223221337,0.004378102745217038,0.1862353149715017,,,,,,,,,,,,,,,,,,,,,,,,,,,,,,,,,
39,1.7487682370326263e-05,1.4904642077148103,0.5585930927477415,0.1993879692442974,0.10616428951864483,nan,nan,nan,nan,nan,nan,5,0.037577755683554856,0.0,5.138452476647611,0.6626788776322352,0.6354621551198598,0.017949341353605142,0.01756357495593485,0.6671950735851883,0.0006990741605743859,1.5452642594642936,1.53126708360429,4.636904515008653,0.0065650366980697225,0.17500678739816625,0.1775755268212139,0.1526739909663736,0.017489668600071517,0.015747028285988413,0.1745627130868148,0.0009702242711349862,1.5458689796863607,1.5338836026071152,4.646837753697819,0.004745242810992448,0.1964191522719919,,,,,,,,,,,,,,,,,,,,,,,,,,,,,,,,,
40,1.7363961030678922e-05,1.4911271785812759,0.5571619369167511,0.19370845215687624,0.10290561483360343,0.03657659528323198,0.018543416510822485,0.20135885303014556,0.10712372823386823,0.3563437580091201,0.16446382732138223,5,0.03752416220774051,0.0,5.166873932446282,0.6629987158017219,0.6344904309654044,0.017566601440642822,0.01756871096763714,0.6680685177709415,0.0007142152307825728,1.5462545069011098,1.5317164650760733,4.639195494104084,0.006685162079904991,0.17707326801557638,0.1725489900895753,0.1474715414365948,0.016284720656978748,0.015159242767354267,0.1702357859907904,0.0013373555203863938,1.542083750151268,1.5303488041065303,4.630522291594812,0.004611281034984103,0.1971060988597558,0.030273945350604778,0.023091958623431136,0.01770791940790505,0.03297363943654579,0.030400434470903404,0.0009152556424557101,1.5415397026158346,1.5386583238031968,4.666912116187128,0.0008448431536154693,0.14371287523774817,0.17948607038511447,0.15342993018531426,0.016222739167182965,0.01425730133808176,0.1769455711727087,0.0013588472942848543,1.5421109566474351,1.5299333204213346,4.628702760379375,0.004799607003489758,0.19977575674286,0.3092546098168986,0.2581051728645172,0.015104822892845192,0.022642953905373825,0.4196461590395233,0.0010265362287003726,1.5520076936928424,1.529927531089256,4.631608654519428,0.007112773674221474,0.23427053050563723
41,1.7237786262910717e-05,1.4860036355765196,0.5525220927644724,0.18980004122129834,0.10052022874358842,nan,nan,nan,nan,nan,nan,5,0.037179555586072215,0.0,5.176335338172262,0.6608336633703851,0.631232360127841,0.017161992456556086,0.017599402434372746,0.6656394540309952,0.0007034345958882585,1.5452531273951045,1.529978374132284,4.631040403318415,0.006792219667283948,0.18195992760465723,0.16921348880843035,0.14347312270477536,0.017671734434750643,0.015061398121783155,0.1633049774800303,0.0003989866877537759,1.5535043939070765,1.5400289901578914,4.674807851475361,0.0047050074562899665,0.2023816886572693,,,,,,,,,,,,,,,,,,,,,,,,,,,,,,,,,
42,1.710920670979647e-05,1.4846359994485923,0.5520543843492198,0.19528381687207258,0.10345461358390794,nan,nan,nan,nan,nan,nan,5,0.03758101808935741,0.0,5.217614571248533,0.6601205296081476,0.6303674307017316,0.01745748486704205,0.017580711272441037,0.6648311636891483,0.000791472661008837,1.5450961890087271,1.5296452890353915,4.629632925287037,0.006765223865499038,0.18236467431502,0.17426934486310847,0.14755017046485366,0.018123338728434593,0.015548346430020505,0.16626106955446576,0.0007775816206657575,1.5491906955056947,1.533182011532763,4.6430640260969565,0.004964629203398613,0.2084497531321476,,,,,,,,,,,,,,,,,,,,,,,,,,,,,,,,,
43,1.697827194120153e-05,1.482163514727371,0.5487647644087189,0.1944522134051316,0.10148986861928004,nan,nan,nan,nan,nan,nan,5,0.03736246926319399,0.0,5.237943426686643,0.6591035126299308,0.6279194226173591,0.016964079167747913,0.017582583141199006,0.6640090652674147,0.0007854283197696714,1.5452607130061367,1.5290148285451215,4.626817795230205,0.006894101033005593,0.1866077712968232,0.17413092543674707,0.14628244364187953,0.01509300979587911,0.015117684103334595,0.16412388663510383,0.0006189207883947563,1.5514675770666886,1.5355468482435655,4.6542199301184555,0.005053608488510941,0.21261866289851167,,,,,,,,,,,,,,,,,,,,,,,,,,,,,,,,,
44,1.684503243497165e-05,1.4814491128194915,0.548099099553269,0.19236029466320495,0.10118873643413154,nan,nan,nan,nan,nan,nan,5,0.03734759735205813,0.0,5.242111885096842,0.6587772508576438,0.6276199930638889,0.016744976375599428,0.017578054404259625,0.664003419005115,0.0009480844169665329,1.5434009097745773,1.5272236627722349,4.618529004414753,0.006842190217802542,0.18736480777110365,0.1718798338705951,0.1453159857750517,0.016752896859742204,0.014898298743424963,0.16327267964986206,0.0007623087438414545,1.5485722785212193,1.5327067258825646,4.640936312647416,0.004853196670040592,0.21081887446856143,,,,,,,,,,,,,,,,,,,,,,,,,,,,,,,,,
45,1.6709539557472806e-05,1.4799129214135913,0.5430909694254382,0.19929265113370692,0.10374676892315506,0.03508056332188545,0.017715177452451963,0.2073585679868664,0.10804836340157592,0.3423927425534292,0.15806898956392468,5,0.03721792941372849,0.0,5.226068415782417,0.6581129826696421,0.6248978403738724,0.016627284920622865,0.017643438746293573,0.6637187320227287,0.0007792816743277734,1.5457559789728927,1.5282415637181062,4.623481913965536,0.007056110930958888,0.19432275961245524,0.17831417873700506,0.14962183828936162,0.017011873224200405,0.015362388322631461,0.16730366929778187,0.000929656766482905,1.5478446815629867,1.53049881349779,4.631246281222906,0.005171389059206125,0.21794483182375063,0.028296119712186735,0.021849023661636165,0.023360996077708935,0.03443357457864287,0.026581068168396386,0.0011872228109168863,1.5387043982108812,1.5361309549720163,4.654929436908897,0.0007043372941332771,0.14441691125631084,0.18569281895741546,0.1557977873671748,0.01670155103815574,0.014396076783826265,0.1741286924632532,0.0009141685846708946,1.5483016994946541,1.5302172071310434,4.6300621256061385,0.005394741429200677,0.22162122178067828,0.2989714800584764,0.2417115607830693,0.01528050154318931,0.023131993800211966,0.38450109979871744,0.0006127033214236339,1.5610027754672087,1.5317898428949448,4.639084420844199,0.007686922873137619,0.2661139651470571
46,1.6571845543788504e-05,1.4751547582432818,0.5418281992549,0.18964174867564662,0.09911825447533454,nan,nan,nan,nan,nan,nan,5,0.037241799008506694,0.0,5.223592832560629,0.6559273976820655,0.6227102723429886,0.016831456010236393,0.017562592647665017,0.6615714196740082,0.0009615761997160319,1.543467639599637,1.526083131799213,4.6133890893981295,0.007013282851047192,0.1958426835047361,0.16986324914264858,0.14175917261551968,0.015346956065162379,0.015158353418601573,0.15885959832491767,0.00042642367068991473,1.552983910230825,1.535124690458586,4.651885379069652,0.005157776014145623,0.22193310732602417,,,,,,,,,,,,,,,,,,,,,,,,,,,,,,,,,
47,1.643200347758214e-05,1.4731781532156414,0.5394540349774722,0.20016248013089344,0.10347815893347437,nan,nan,nan,nan,nan,nan,5,0.037418812588472065,0.0,5.277761719037125,0.6550067615448026,0.6216109844166363,0.016793665693349984,0.017332300793983776,0.6608584897664849,0.0007938062954452195,1.5454409521491965,1.5275596199123629,4.620160867971494,0.006993360835841492,0.19885144242593408,0.17903158499101618,0.15103127850601258,0.01695898823171504,0.014951367463736868,0.16882896484923848,0.0008864713534909083,1.5474213745337606,1.5281013477855732,4.619644346439384,0.005053970234482184,0.22941728847117138,,,,,,,,,,,,,,,,,,,,,,,,,,,,,,,,,
48,1.6290067270632256e-05,1.475820859207483,0.5369431176567417,0.19100727004445728,0.09848435347380995,nan,nan,nan,nan,nan,nan,5,0.03732574543361091,0.0,5.296036451626188,0.6562667709235893,0.6219018063072118,0.016661262959127742,0.017207214702281096,0.6617056231459538,0.0010162253030018057,1.542544733778951,1.5240680736474266,4.6040267732901805,0.007041258044405582,0.20483838113186337,0.1711726153217139,0.14283734974841192,0.01615893683071114,0.01476430769716289,0.15820126242583807,0.00029342144498912013,1.5544149024921472,1.5329917990188764,4.6417331863945,0.005173195644475714,0.24018106048113563,,,,,,,,,,,,,,,,,,,,,,,,,,,,,,,,,
49,1.614609164204851e-05,1.4729281799608513,0.5334257335102719,0.19249330478210241,0.09985939792467573,nan,nan,nan,nan,nan,nan,5,0.037075598294118786,0.0,5.29525550352018,0.6550023202469999,0.6196199588050603,0.016595156112348193,0.01727009632484183,0.660702982566035,0.0009013133544460525,1.5432971420814392,1.5240868691367162,4.604388662244716,0.007096686477482065,0.20902094234863924,0.17197721199980928,0.14581924965330015,0.016482285403170607,0.014958549738994447,0.16324168816567963,0.0022360598009480708,1.5347272344070841,1.5162146864832198,4.564985523784514,0.004799454141175547,0.23133932851594455,,,,,,,,,,,,,,,,,,,,,,,,,,,,,,,,,
50,1.600013209717642e-05,1.467615655861709,0.5309437509055629,0.19824235188046962,0.1009604276388123,0.03662139834179515,0.01863300165697806,0.20611052742583785,0.10507680211457572,0.35634164595120316,0.16218618365759524,5,0.03701786242758446,0.0,5.309324551718764,0.6525669064969356,0.6169790585769983,0.01678728481856696,0.01726949711777009,0.6585371942081399,0.0009699625890993892,1.5420022110124068,1.5227843577942235,4.598082661355353,0.0070564919796529055,0.21197757145218843,0.17748198995181788,0.14812798313846093,0.016851609124393825,0.015068632192318377,0.16558742808909477,0.0008382225233569263,1.5463656124874219,1.522519728536527,4.5941056992367,0.005268802855662398,0.25034113326522356,0.030547666091636158,0.02328698270129284,0.0182855818220928,0.03380030203380093,0.02707979007984782,0.00104086744673313,1.5402230653770714,1.5382696030278602,4.664428762796379,0.0008354634922259967,0.14888285098485982,0.18465044851481754,0.1541104206080714,0.016790878594698952,0.014119619404165685,0.17217790420406776,0.0008271239890468443,1.5466727414444055,1.5217322408908693,4.590589547418852,0.005490469709015601,0.25541405021490404,0.30917053564540464,0.24887487015425258,0.01558150416967629,0.023679866753341723,0.42088698520516854,0.00039288439015372717,1.5606033330751896,1.519696110016218,4.583233760871607,0.008076111215295775,0.3143317730688154
51,1.5852244906199006e-05,1.4670986469007512,0.5288212009651452,0.19635390194927346,0.10000848300039203,nan,nan,nan,nan,nan,nan,5,0.03722066573729918,0.0,5.301212492481666,0.6523363256858612,0.6164310785712369,0.016667809398298643,0.017219297837657934,0.6581397085515626,0.0009747850312074394,1.5412813660848184,1.521561586590755,4.592521984770986,0.0070441345282141205,0.2167107449160412,0.17596784474266855,0.14633541495069718,0.01682283717864744,0.015166951779464618,0.1622179873106354,0.0005161779801659301,1.550387927504263,1.5248017159607294,4.604297461615317,0.005371360091991175,0.26170167486597906,,,,,,,,,,,,,,,,,,,,,,,,,,,,,,,,,
52,1.570248708244354e-05,1.4645516087306922,0.5245343021309042,0.19675981634711973,0.10083660735473114,nan,nan,nan,nan,nan,nan,5,0.03709881283760677,0.0,5.2906000708251915,0.6512307847626881,0.6144455047652572,0.016307255819412312,0.017367598060344845,0.6573797016798916,0.0010107989215231545,1.5411308632247562,1.520565143875353,4.587937697228728,0.007090388022945152,0.22517352427499582,0.1763109936885,0.1491884526503475,0.015014213043752972,0.014915775696778648,0.16517177522019427,0.0007694242321563353,1.5430092571093117,1.5218112831187354,4.590299491076903,0.004898868805705196,0.24958594760455685,,,,,,,,,,,,,,,,,,,,,,,,,,,,,,,,,
53,1.5550916360401864e-05,1.4641062740719437,0.5226812660245542,0.19672905259310475,0.09987431706107551,nan,nan,nan,nan,nan,nan,5,0.03722336995955953,0.0,5.310810272296541,0.6509925919862546,0.6139571987810948,0.016430954094640907,0.017483557537830697,0.6571911259071699,0.0009658329188848953,1.5411947437205502,1.5204334627998002,4.587269443944356,0.007020029361169846,0.22989040878746872,0.1763307282213951,0.1465609334497145,0.01614732599802923,0.01486300923133266,0.16331033841721546,0.0006190360487770825,1.546487532501109,1.5195617879082493,4.580409608151089,0.0053121371775870846,0.2744550746129562,,,,,,,,,,,,,,,,,,,,,,,,,,,,,,,,,
54,1.53975911734726e-05,1.4613503792412303,0.5173458135984123,0.1950065001991212,0.09910006207580396,nan,nan,nan,nan,nan,nan,5,0.0369782641126612,0.0,5.312775850146142,0.6497902483349393,0.6112067630008052,0.01610463198545204,0.017350187593693514,0.6565148009000881,0.001220081580842618,1.5377753602058097,1.5155949365756722,4.565575790003346,0.007145385994922965,0.24175830621736374,0.17487736691157285,0.14481012161694332,0.016569668092365666,0.014870535543131004,0.16020597706869133,0.0005255647381233212,1.54783592753948,1.5179189355911247,4.572834758559446,0.005468382480429168,0.2934953284160677,,,,,,,,,,,,,,,,,,,,,,,,,,,,,,,,,
55,1.5242570631433982e-05,1.4592180236739043,0.512980434761265,0.1966819200128829,0.09930134976941639,0.03550188716719225,0.018389768329707516,0.20460262863538795,0.10334692542281759,0.33967926300801643,0.15377677733663037,5,0.0369134779367135,0.0,5.307057921230758,0.6488043203859288,0.6096339419164987,0.016473896490904413,0.017252738641692945,0.6555267618954982,0.0010441377480997411,1.5396794455177003,1.5168378433715493,4.5711629028158525,0.007140803254657437,0.251652795862757,0.1766041382600404,0.14675225670577138,0.014194918192179927,0.015036685526937005,0.16308640329931814,0.0004402861979883834,1.5489064149847824,1.5200452582369495,4.582172418260404,0.005372830612727772,0.2997486691540905,0.029028736847456483,0.022087073956425948,0.02049539851426116,0.03375590783760763,0.02670586510453257,0.0033964855916920724,1.5274500121243175,1.524423673177106,4.600180317683882,0.0007329734721066998,0.15462088112109593,0.18387421737643064,0.15282823418502456,0.0138888351228439,0.014087150980861284,0.16961697684968388,0.00028468483165132837,1.5499792327014241,1.5198263317377418,4.581272009373994,0.0056048230335997,0.30700504827686925,0.2953126193970815,0.2358273984956803,0.013172967062381176,0.023448114348901053,0.3978622715323713,0.0002341893405915207,1.5647382703792652,1.5186994659730881,4.578392502352962,0.008029583311387702,0.3724469088715729
56,1.5085914497655926e-05,1.4564437127125587,0.5086909027216577,0.19769201317877147,0.10062419356271031,nan,nan,nan,nan,nan,nan,5,0.03704476383633881,0.0,5.311129016774387,0.6474695962637859,0.6067671293148648,0.016471579544907917,0.01740064927270211,0.6549358366299757,0.0012685454454052741,1.5369546119132174,1.5126381730756366,4.552605266827231,0.007211320945091305,0.2650289524790849,0.17746998375897982,0.14763125313126074,0.015550779587906934,0.014690054641234535,0.16245969890716228,0.0004045923800906036,1.5477516521478167,1.5161184147065088,4.564636815372265,0.005433507213881753,0.3175908928172418,,,,,,,,,,,,,,,,,,,,,,,,,,,,,,,,,
57,1.4927683166060086e-05,1.4569322489099839,0.5054253977165045,0.2007560702672175,0.10226910872530373,nan,nan,nan,nan,nan,nan,5,0.03734667596464371,0.0,5.323122668194313,0.647559140840718,0.6061663652230433,0.016534883451980113,0.017356333988452797,0.6559584088277919,0.0012002396669048274,1.5373306647569125,1.512209388735266,4.551062403444383,0.007240997834656009,0.27555699408184703,0.1802013951602388,0.15002425748763554,0.015974838817610824,0.014744810049983103,0.16471670786754453,0.0007817608178406841,1.5426051728788956,1.5087307818485793,4.531410991843435,0.005536507375932833,0.3343585296813616,,,,,,,,,,,,,,,,,,,,,,,,,,,,,,,,,
58,1.4767937637836859e-05,1.4529546579073136,0.5012954466352509,0.19835158710542555,0.10121595757082931,nan,nan,nan,nan,nan,nan,5,0.036828299837409526,0.0,5.318238781855495,0.6458565753265021,0.6035992853090105,0.016652558507440008,0.017220164685957218,0.6540260419320648,0.001342402336719574,1.5360479506415041,1.510078914233491,4.541657237862709,0.007236529004307557,0.28728772977860034,0.17784332516151652,0.15001057284795283,0.016136024130538763,0.014423731792882642,0.16406998357756752,0.0007303291298044476,1.5401747123654415,1.509482112960749,4.534273876289228,0.00515604793652143,0.3281446619521621,,,,,,,,,,,,,,,,,,,,,,,,,,,,,,,,,
59,1.4606739497928274e-05,1.4501498440886487,0.4975756869061371,0.2016944455205786,0.10185591741551646,nan,nan,nan,nan,nan,nan,5,0.036863323320355926,0.0,5.302382992362724,0.6445686222151836,0.6017252887862604,0.016695268630494472,0.017160264713007235,0.6529802742088453,0.0012809629919258575,1.5355512080482148,1.5086627606540544,4.535227358932815,0.007271568844724517,0.30398721350167857,0.1808681954457511,0.1503282748312344,0.015930808744182248,0.014749963096834764,0.16708432683510724,0.0015482814859931946,1.534676008737464,1.4986145132821849,4.485854173041491,0.005579824302565615,0.37340930865154787,,,,,,,,,,,,,,,,,,,,,,,,,,,,,,,,,
60,1.4444150891285814e-05,1.4464157242082694,0.4933543020491212,0.19513603450912373,0.10118418368901007,0.03561576178443528,0.018747338402073245,0.2028901205007839,0.10530602469870674,0.32513347729223785,0.14898089330239855,5,0.036836508483181596,0.0,5.3125385919975905,0.6427688226417129,0.5991055184979175,0.016645893659760463,0.017119319242012414,0.6525369415590939,0.0015965649605395162,1.5325753269701512,1.5046919435293025,4.517785820262227,0.0072816249548520225,0.3225489996701051,0.1747650873050489,0.14686163137112912,0.017401372585451703,0.014563880720753236,0.1607477258589138,0.0014342679132898922,1.5341611906987007,1.4992762068872756,4.488696061502728,0.005172144984765031,0.383223744853637,0.02968604161956004,0.02217799431864728,0.018277566216360137,0.032823032086367714,0.02614406672333541,0.00047334776847288623,1.5442821758772072,1.540678631018171,4.674214297815574,0.0007919364177622479,0.16400820174539985,0.18183573384717788,0.15290005616533708,0.017371901228709314,0.01363508726143795,0.1670923453274535,0.0014803062264332294,1.5336551383000134,1.4972060826490494,4.479420137798236,0.005391155518822741,0.39418452646292607,0.28141620185710153,0.22270360369722442,0.01638957126372376,0.023600785552098363,0.3876105912213033,0.0006948355404960766,1.5464390641818748,1.4952571399776804,4.471702304645813,0.007643968908154005,0.47484961297422534
61,1.428023449891235e-05,1.4433784474999802,0.49079963866503074,0.19946241443003218,0.10232851715394858,nan,nan,nan,nan,nan,nan,5,0.0368885428589642,0.0,5.307670637629955,0.6413539177606649,0.597266230609008,0.016885883201644226,0.017231102737952128,0.6512668238863188,0.0015055294950222229,1.532311468838613,1.5040959891776198,4.51497826489219,0.0072313839731621855,0.33919864997874494,0.17903819037159885,0.14804086423030036,0.01504309867358974,0.014538829228315992,0.16483353873638848,0.0011721735993969276,1.5355829235944594,1.495584592081898,4.471916149463265,0.005678316425515248,0.43276763183684164,,,,,,,,,,,,,,,,,,,,,,,,,,,,,,,,,
62,1.4115053513697442e-05,1.442442004552688,0.4871434842797238,0.2004236458878093,0.10486934347893445,nan,nan,nan,nan,nan,nan,5,0.03689435439600448,0.0,5.2919476553390705,0.6408832540420722,0.5957203664600484,0.01692458494759724,0.01721294872244001,0.651378907615612,0.001506560868776616,1.5320813216466722,1.502644125513639,4.508737595308068,0.007279392730060375,0.36392444521026457,0.18001705315588115,0.151035664134283,0.014844202750876657,0.014950571059445895,0.1646154233020925,0.0011711457982906458,1.534410414404705,1.496216092929061,4.474658240443427,0.00547664947486947,0.4428906646091257,,,,,,,,,,,,,,,,,,,,,,,,,,,,,,,,,
63,1.3948671616055245e-05,1.441499827002957,0.48285305367013415,0.196274759053345,0.1037630318993421,nan,nan,nan,nan,nan,nan,5,0.03685591421608201,0.0,5.304051093542296,0.6404444953172265,0.5934859952636125,0.016878704178706315,0.017349874496563993,0.6513825171134796,0.0015443744888377184,1.5310001158616557,1.4993977208768816,4.494518749710288,0.0073972715888002425,0.3991470334594641,0.17611642434845395,0.1463272627674522,0.016411215413991796,0.014849317026519196,0.16036040167533466,0.0009769275857139756,1.5352560242095838,1.4933334487466698,4.461476727957827,0.005551536690136848,0.5003838829657622,,,,,,,,,,,,,,,,,,,,,,,,,,,,,,,,,
64,1.378115294937453e-05,1.4373809430312607,0.4805200726917135,0.2029500078354059,0.10706278526164682,nan,nan,nan,nan,nan,nan,5,0.03667305824150298,0.0,5.30555984739865,0.6385183165125177,0.5907000808596213,0.017040768120498123,0.017428430511655085,0.650434983255514,0.0014694429308032323,1.5311022949004698,1.4986127590318918,4.491157725655634,0.007408296835022897,0.4288194906001978,0.18200923890429738,0.15287756805342617,0.014695522598440851,0.014702540907662801,0.170190202504036,0.0008323838633471809,1.536426245566605,1.4979023814303585,4.481065211324424,0.005443871887430765,0.5098567235274879,,,,,,,,,,,,,,,,,,,,,,,,,,,,,,,,,
65,1.3612562095290167e-05,1.4321019359174216,0.4783033627761449,0.19373058659569914,0.10422013352183908,0.03597407937466272,0.019020255420629194,0.20141069051926241,0.10848013354665471,0.3254050563700918,0.15378997528448823,5,0.03665932068820609,0.0,5.328034889463395,0.6361354545026493,0.5880896067384584,0.01686962594467822,0.017335907162232184,0.6484079834018336,0.0014926591990336406,1.5302006412622478,1.497602083681684,4.486385832589201,0.00737669125193084,0.4557390235763607,0.17376363408270468,0.14579882509106418,0.01573764658875222,0.01437496196404908,0.15972161321543674,0.0006481305161048055,1.5372113643844718,1.4976080208007732,4.479200102784687,0.005232667308480295,0.550373422600007,0.02990696375317836,0.022006286566263893,0.017292723491713884,0.031917690913071665,0.028679079790369273,0.001321181732615835,1.53514125034247,1.5313157842510163,4.629785550788085,0.0007969376662215154,0.18300795745119203,0.18078779094092373,0.15180344083977398,0.015674234979969698,0.013482002454956937,0.16588479305554857,0.0006086150625846934,1.5373148689880007,1.4959226305631346,4.471670831594623,0.005454454690397644,0.5687417198811671,0.28065516998413365,0.22228147639351567,0.014917599296950553,0.02354476612823363,0.40036161255491776,0.0003564643617727451,1.5487998355602879,1.4942432479401524,4.466361375939604,0.007699496116381449,0.6633298944233305
66,1.3442964048785672e-05,1.432002677572169,0.47741074444143766,0.19990094413980677,0.10716426937610672,nan,nan,nan,nan,nan,nan,5,0.036576402603138006,0.0,5.321268639993842,0.63608049136159,0.587422376799178,0.01675703795999889,0.017359804349788663,0.6489386237054044,0.0012948001864086266,1.5309243315262135,1.498119388809801,4.488618138641937,0.007370453127228965,0.47991662441501504,0.1792181205452696,0.1509473487929558,0.01610120183600114,0.014960655398758512,0.165502020412757,0.0011672263038748556,1.530649179280303,1.4928253930320823,4.457799346948194,0.005284981647853967,0.567746375422237,,,,,,,,,,,,,,,,,,,,,,,,,,,,,,,,,
67,1.3272424193136428e-05,1.4323064108981114,0.4775090744249401,0.194301744425699,0.1065089672626741,nan,nan,nan,nan,nan,nan,5,0.036847117373687045,0.0,5.322683503459892,0.6361234593870396,0.5870552519162271,0.01680040743908517,0.017581094036726017,0.6494569899996953,0.0013875637908156103,1.5302500736286677,1.4973496250921636,4.485080980909857,0.007368385528951208,0.49991991720353435,0.17414215070175088,0.1460425142220723,0.01668687144621943,0.014652414729267735,0.16007800094452165,0.0008362768933346378,1.533969658033145,1.4931286756998756,4.458856520813658,0.0052717565402313005,0.6056796363062286,,,,,,,,,,,,,,,,,,,,,,,,,,,,,,,,,
68,1.3101008274703155e-05,1.4275499937043385,0.4764341728318374,0.1974017996580148,0.10903554198547467,nan,nan,nan,nan,nan,nan,5,0.03663061578960886,0.0,5.32636148826602,0.6339404459491192,0.5849994897491987,0.01720478869714371,0.017356296522284754,0.6475598831402758,0.001278668382618682,1.5301525870680668,1.497540468768238,4.485701929333074,0.007326467150224566,0.5141279791466925,0.17688301191560993,0.14963254679102264,0.016988552695325145,0.014566558390971677,0.16300039466162142,0.0005694764576552241,1.536953982575914,1.4980842324452697,4.480430810420557,0.005204021297520812,0.6033314272439236,,,,,,,,,,,,,,,,,,,,,,,,,,,,,,,,,
69,1.2928782377585461e-05,1.4263773352002986,0.4757041911417471,0.19724999495218792,0.10821574022991517,nan,nan,nan,nan,nan,nan,5,0.03672658263590483,0.0,5.340542105813248,0.6333841879285628,0.5843389653767856,0.017134131324378517,0.017421584705203087,0.6472525049997783,0.00128715111832138,1.530186448587986,1.497069551556674,4.483534519423068,0.007368497431898357,0.5353195357551521,0.17671763853353917,0.14849808242524626,0.016971043726192993,0.01523255149941512,0.1628918831365851,0.001204087385947716,1.5312559808615793,1.4908694945761591,4.448326295579167,0.005345345127433216,0.6615035561415137,,,,,,,,,,,,,,,,,,,,,,,,,,,,,,,,,
70,1.275581289814516e-05,1.4237739907621056,0.4760911378001797,0.19640986675314326,0.10817147105589417,0.036235372286156524,0.01888954584207058,0.20424140213464165,0.11263557771636053,0.3281236895724623,0.15771817750698233,5,0.036624952471695046,0.0,5.342222572220538,0.6322448119849264,0.5836502680050812,0.016955069590053475,0.01734420850894895,0.646202912074082,0.0011863783651185993,1.53061045437243,1.4981069606247,4.488015542595608,0.00728202402913149,0.5513927418702882,0.17602571212311585,0.14883496830361675,0.016501385540917554,0.01504207881645131,0.16226256059577818,0.0008783888039570766,1.5323490487565787,1.4945301086605027,4.4641612427173385,0.005192860500338934,0.6561558185719469,0.029569154822494493,0.02229325735089054,0.021843267517649,0.033027386495543175,0.027440378777767605,0.0018496584615285932,1.532158691289385,1.52816333663165,4.614715559234335,0.0007830818404260998,0.19743347047241894,0.1831982645748368,0.15501542026977858,0.016247205719879216,0.01412757171119371,0.16873494465746905,0.0008226481071667628,1.5323585701363844,1.4928484332154341,4.456633508911638,0.005413349850476867,0.6790919507795968,0.284820248488213,0.22411575603122386,0.015198102728156216,0.024829639387982234,0.3850869325519791,0.0005117317081425447,1.5441897778249682,1.4916853704069728,4.45424935300133,0.007880926411558726,0.7886135166814011
71,1.2582166519409194e-05,1.4214656354933635,0.476674716570395,0.1951747268568769,0.10923379805143599,nan,nan,nan,nan,nan,nan,5,0.0366188689897411,0.0,5.333088764514817,0.6310782300560228,0.5829288821733764,0.01743860128481072,0.01739762733444109,0.6457113936107682,0.001121840138599824,1.53052886755176,1.4988257911081315,4.490800831308888,0.007226520371894671,0.5667170025258191,0.17498921997536504,0.14895425275693883,0.015875456099177756,0.014651212547061778,0.16138590478310513,0.0005908704955560626,1.534563344084794,1.4983012346138878,4.48054923999668,0.005045505578509295,0.6645974438938563,,,,,,,,,,,,,,,,,,,,,,,,,,,,,,,,,
72,1.2407910185362082e-05,1.4244809183347134,0.4768014083693972,0.19731387268817627,0.1101280664221661,nan,nan,nan,nan,nan,nan,5,0.036490884351018084,0.0,5.336525879870707,0.6324067168565701,0.5837016817666736,0.01743242301424315,0.017364163453078223,0.6477465270737547,0.0009532922172840942,1.5318683153590211,1.4995305111636155,4.494043601952154,0.00720620770344384,0.5851963464828293,0.1768742858620635,0.14971766904590011,0.015997517274532205,0.014624510743861898,0.1636432978522137,0.0006441576092973461,1.535485446699501,1.4973493599830325,4.476183843721245,0.005189900309838649,0.7018518509181496,,,,,,,,,,,,,,,,,,,,,,,,,,,,,,,,,
73,1.2233111075137718e-05,1.4201826053033524,0.4755893411496121,0.20077653094655987,0.11086729908693117,nan,nan,nan,nan,nan,nan,5,0.03660961799060513,0.0,5.345048810350178,0.6305064078311126,0.5819762834106813,0.01702480311562847,0.017396936807366026,0.6457807814439626,0.0010535869830853443,1.5311283355888878,1.4994915031700082,4.493492338608257,0.0071990612795625585,0.5883562374504252,0.17999169506875304,0.15201287395263136,0.015461188057412147,0.015335695576297824,0.16758372374525596,0.0006759894317882592,1.5338932683065507,1.4958286080731398,4.469222126773584,0.005309102447310154,0.7341524439711536,,,,,,,,,,,,,,,,,,,,,,,,,,,,,,,,,
74,1.2057836577120544e-05,1.42058690309115,0.47523755111955296,0.19818530800392475,0.10984733657675182,nan,nan,nan,nan,nan,nan,5,0.03654014196565783,0.0,5.349486409313781,0.6306775971870713,0.5816551827489773,0.017114180908497378,0.01731648153365508,0.6461563353998999,0.0009770780755787457,1.532125980565698,1.5000219831121069,4.4959210877898,0.007243645325870465,0.6063586339877902,0.17782227067021758,0.1494003436294634,0.01555361592878373,0.01516184707966443,0.16352664218215202,0.0006341836998685379,1.5375287678598684,1.497866933367721,4.478290906406349,0.005423737495138906,0.7467952701276046,,,,,,,,,,,,,,,,,,,,,,,,,,,,,,,,,
75,1.1882154262966051e-05,1.4170325146031917,0.4751851392386217,0.19697484703187626,0.11046214299493211,0.03643326678478528,0.018919601063474418,0.20484866494188347,0.11503925101255141,0.3310656062760228,0.16171723904862298,5,0.03648580521075727,0.0,5.351018163015266,0.6291019259248918,0.5805077773897753,0.016896354306230668,0.01759371387770209,0.6446050788024783,0.0010667372427730448,1.5310817212904708,1.4987806703492894,4.490498904891923,0.0072478727947213354,0.6159150100557133,0.1766083389842313,0.1494988786537322,0.016211559793688497,0.014823067269192192,0.1626378918975388,0.0005553002498227759,1.5363367584838334,1.4973911332947332,4.475946207441606,0.005189310980752909,0.7607823753038262,0.029842888034264804,0.022399604300476952,0.0215842812610287,0.032288649600115626,0.02772596362547163,0.0006651511009241033,1.5429881489368187,1.538638621145488,4.662596653934543,0.0008011085515505633,0.20891657272707329,0.18381959717716892,0.15571150494359637,0.015952204085363658,0.013936352446479436,0.16912532770246286,0.0005445156220915624,1.5360041882902464,1.4953287601628873,4.466613674211196,0.005408721542314753,0.7883756710219102,0.28722168244726964,0.22633566216026652,0.014364277394902465,0.024577173292652948,0.39161977807625026,0.00036345336481327504,1.547978450473033,1.494095690558067,4.4647155343122815,0.00798591604535892,0.9115541739148934
76,1.1706131861550609e-05,1.417423928332711,0.47606154816213975,0.19673398946092086,0.11125619921942445,nan,nan,nan,nan,nan,nan,5,0.036595626361999596,0.0,5.349367762313201,0.6292222436888973,0.5796800634814826,0.017052677328021865,0.017490384143368697,0.6450319648998584,0.001053633315270743,1.5318220034002215,1.4989848598031332,4.491439511109898,0.007267586364258457,0.636978432752367,0.17615503978617503,0.15085138385013222,0.01715595876256541,0.014555411603586308,0.1631325243044059,0.0007647088336708936,1.5332436001899732,1.4984311732153905,4.48038564752735,0.004965910157951357,0.725925027473161,,,,,,,,,,,,,,,,,,,,,,,,,,,,,,,,,
77,1.1529837232860703e-05,1.4142661312258393,0.4759118109515332,0.1984825634792794,0.11012466341436877,nan,nan,nan,nan,nan,nan,5,0.03653294699569163,0.0,5.347118850165676,0.6277259423707785,0.579583337905899,0.0174954210528596,0.017368419271867188,0.6437462370575493,0.0009081037789435274,1.5328925218633913,1.501083320656163,4.500668967351637,0.007171328654199994,0.6311238708098853,0.17787442990338093,0.14969986067542793,0.017117636879967143,0.015147321226034698,0.16352403317257433,0.0007922625522355948,1.5345957963073311,1.4948454416746095,4.46427042977731,0.005406092531848213,0.8081191618857725,,,,,,,,,,,,,,,,,,,,,,,,,,,,,,,,,
78,1.135333834183162e-05,1.4138385551805388,0.47636063870010864,0.1945698353938392,0.10981920541036057,nan,nan,nan,nan,nan,nan,5,0.03654623025146437,0.0,5.339901048357769,0.6275617751462974,0.5786008772000754,0.01742864226020269,0.01762217973151436,0.6433603306181974,0.0009870421188144705,1.5315277259875855,1.4987713519177748,4.490371152899373,0.0072249132902959,0.6602554821133615,0.17435638784743585,0.1487322649361113,0.016204091153756234,0.014953924868168055,0.16112060392227587,0.0006782349834498039,1.5330532558912515,1.4973662849821592,4.4752978936034715,0.0050023653666102525,0.7776757549290598,,,,,,,,,,,,,,,,,,,,,,,,,,,,,,,,,
79,1.1176703232145657e-05,1.4130630576172434,0.47661253560518524,0.19579817201644442,0.1104427423991877,nan,nan,nan,nan,nan,nan,5,0.03667910945050709,0.0,5.348785171321504,0.6272121245663911,0.578138972306006,0.01711892644699665,0.01763062083163431,0.6432817149362623,0.0009371103820792684,1.5317966868768633,1.499233600631899,4.492439241280871,0.007240368834006713,0.6613205704257291,0.17570637650376933,0.14946677197888703,0.015283452032248119,0.014957484570579594,0.16134891620183267,0.0004028632418085416,1.5396469010943534,1.5024708421810482,4.4979984136322475,0.005128724735318777,0.7947763121184132,,,,,,,,,,,,,,,,,,,,,,,,,,,,,,,,,
80,1.1000000000000003e-05,1.4133455394240926,0.47653645241717446,0.19746648354827784,0.11211902372518995,0.03598053674443961,0.01870452666123494,0.20536501581576072,0.11678972642050597,0.3289598958389122,0.16245382608275863,5,0.036601736571731436,0.0,5.3438233696483355,0.6273260456822286,0.5784125538938689,0.017356932953893404,0.017571771501398825,0.6433395140589634,0.0008817666778774013,1.5326226091373911,1.5004267351698046,4.497609967400906,0.007201338820540893,0.6639167859271781,0.17681771307098812,0.15145836537695334,0.016438340107311423,0.014480792625072484,0.16498778020156094,0.0004969931487964213,1.5354412193205558,1.4995861403864625,4.48514888749158,0.004962304720347351,0.7800656719320145,0.029412385382419835,0.022027872159808743,0.021390126163459568,0.0323567939403634,0.027432026593483056,0.0014516646200787146,1.5355609057828572,1.5313489240288265,4.628691128592786,0.0007884960631668164,0.22178029502938434,0.18404427081550087,0.15779049750046562,0.016202981403570595,0.013571042946243516,0.17154484323427757,0.00044396197455205563,1.5354352289933,1.4979979854014023,4.47797172067082,0.005170995493526847,0.8079799476002492,0.2854310497159221,0.22695704844744494,0.014848490332863843,0.023510895511895148,0.3877441736390789,0.0004493647648815836,1.5443937142038324,1.4964652817775115,4.474872363761009,0.007500704459485871,0.910694400812461
81,1.082329676785435e-05,1.4103902092853329,0.47651373510818035,0.19543297365561177,0.11160052333215609,nan,nan,nan,nan,nan,nan,5,0.03639820681223444,0.0,5.349371297928393,0.625998812472756,0.5770920367203246,0.017447013755413566,0.017558107551091592,0.6421474569865104,0.0009662074990651916,1.531805032559393,1.4991395966590801,4.491751535055992,0.007219022385735209,0.6788927447270977,0.17499342965770207,0.15012196589531296,0.016567790631109997,0.014719259433216317,0.162715346896016,0.0006885754367749839,1.534276476100113,1.4987017870414658,4.4809975449407276,0.004891888341373825,0.793387117542239,,,,,,,,,,,,,,,,,,,,,,,,,,,,,,,,,
82,1.0646661658168387e-05,1.4094858021302679,0.4767167103953084,0.194155731799069,0.11112410297503465,nan,nan,nan,nan,nan,nan,5,0.03638992407592255,0.0,5.339603534243464,0.6256064768996148,0.5769052859871204,0.017182724197406664,0.017413367589024037,0.6420244263348538,0.0009029481516550614,1.5326501845260105,1.500281609957182,4.496839551589678,0.0071804709451263075,0.6835609000734376,0.17374323830592356,0.14935368898919232,0.017030621477483358,0.01435854209477754,0.16193730273845366,0.0005409582693061511,1.5359101633199705,1.5019848354726348,4.495566788010761,0.0048040628681363575,0.7770567337339378,,,,,,,,,,,,,,,,,,,,,,,,,,,,,,,,,
83,1.04701627671393e-05,1.410274441397606,0.47779294718090065,0.19612584357996013,0.11199938919174117,nan,nan,nan,nan,nan,nan,5,0.03649033779797909,0.0,5.347848414944119,0.6258973047497047,0.5774715781400784,0.01735352403336971,0.01742048528780526,0.6425742088703983,0.0008947520454287354,1.5327085276588475,1.5005023950660443,4.497684357940866,0.007148502980027848,0.6883285594880716,0.1756439189486886,0.15055120157278787,0.016627570252033732,0.014556462625294697,0.16307106144539224,0.0005921336753219132,1.5370789299366,1.5014749146446906,4.493363608099064,0.004936746324350532,0.8021776265204332,,,,,,,,,,,,,,,,,,,,,,,,,,,,,,,,,
84,1.02938681384494e-05,1.405556352138857,0.4762483712868878,0.19675215127458098,0.11112439069822798,nan,nan,nan,nan,nan,nan,5,0.03641379210735893,0.0,5.3570389151652344,0.6237464543732248,0.5750706186970529,0.017515926202209552,0.01744655305363769,0.6406005692581421,0.00093383703481298,1.5327675365041578,1.5007787428972228,4.498927757582395,0.007126260014760326,0.6890922417798417,0.1763613054139471,0.1502795561881947,0.01583457449724011,0.01484708898926134,0.16347267784460928,0.00034251572232482484,1.540999011847891,1.5044378154820741,4.506487196368913,0.0051224017819600605,0.8270053268254471,,,,,,,,,,,,,,,,,,,,,,,,,,,,,,,,,
85,1.0117845737033957e-05,1.4045051354822713,0.47636111223149763,0.191831847001977,0.10923154238977963,0.03550760746788742,0.01842671494327194,0.19942070249937702,0.113771783694227,0.3264283726492677,0.16147535193002477,5,0.03645746026306184,0.0,5.3487710058512326,0.6232854115877805,0.5742106546318577,0.01727450593234546,0.01749655344551501,0.6403247536996134,0.0009275106139865643,1.5329515508261864,1.4999812168165736,4.495604886854398,0.007231281862617185,0.7041726707979423,0.17164250695540084,0.1462649245658829,0.01706360381777502,0.014552053274971201,0.16000385969431313,0.00042487410742275336,1.5385739748364498,1.502386912354967,4.497188589604421,0.004951151587721404,0.8398509165630633,0.028903211440402907,0.02164969098951056,0.02193741105293307,0.032781040827955576,0.026758474081945923,0.0018725926590313442,1.5337505856351905,1.5296989232455935,4.620926006307663,0.0007717310025890133,0.2307328394112738,0.1785915469369442,0.15230853476316583,0.01682971673540091,0.013625924029998454,0.1662797414384207,0.0003475823924117753,1.5388151464351731,1.5010213149336646,4.49100170576111,0.00516012238578023,0.8703068263830297,0.2827522890271686,0.22447835286797044,0.015075223386146202,0.02380525529100031,0.389113974795678,0.00041143637402549894,1.5471180834850464,1.498543686582757,4.484259024024473,0.007542391536262145,0.9767512322295365
86,9.942163422879466e-06,1.4046369569543289,0.47654403289909236,0.19133591787422466,0.10949734082275249,nan,nan,nan,nan,nan,nan,5,0.03645320789855996,0.0,5.344290882924516,0.6233204438350031,0.5746380888035065,0.01753010607903398,0.01734915127031407,0.6402277063176327,0.0009313356062420301,1.5326790255112834,1.5003680462864366,4.49703175960168,0.007150375572087757,0.7070044512138354,0.1714378228397694,0.1466522278383083,0.016210525201774965,0.014670258484484238,0.1582781520582114,0.0005095066768558645,1.537728849427311,1.5012515563102173,4.492068262554539,0.004905415990967646,0.8387077342752879,,,,,,,,,,,,,,,,,,,,,,,,,,,,,,,,,
87,9.766888924862294e-06,1.4038145322673152,0.4763721470171861,0.19462510536260375,0.11159010290593692,nan,nan,nan,nan,nan,nan,5,0.036352510743222,0.0,5.335783931744033,0.6230398963707356,0.5742786348461878,0.017109045233873122,0.017472873481216417,0.6397916648469667,0.0008528995032393846,1.5338096895885214,1.5009905324443653,4.499928926037411,0.007168006601780763,0.7123695243268638,0.17428717804951985,0.14943116852591665,0.016175971997689022,0.014687376437102249,0.1624214285473657,0.0005640627532315928,1.536625228597372,1.5008500478408464,4.4902024988822555,0.0048979132282679985,0.8408887303442713,,,,,,,,,,,,,,,,,,,,,,,,,,,,,,,,,
88,9.592089814637929e-06,1.4031011865073209,0.47632340930666345,0.19386520381547284,0.11102710901301986,nan,nan,nan,nan,nan,nan,5,0.03648407344644916,0.0,5.345719897024985,0.6226305159450577,0.5743677767066486,0.01715690430722147,0.017328971400424224,0.6400292223953542,0.0008387506549640287,1.5338359034540727,1.5020021969235813,4.504263741817039,0.007086758328807025,0.7085813400339939,0.17371182723571932,0.14883024473162212,0.015868633032776167,0.014799567265514542,0.16106570035088763,0.0006042708236761014,1.5364232361766135,1.5007183958919585,4.4894790547551935,0.004908007118499205,0.8527698956267141,,,,,,,,,,,,,,,,,,,,,,,,,,,,,,,,,
89,9.417833480590814e-06,1.3999639340818009,0.4769481935138266,0.1894778601955006,0.10960578923233581,nan,nan,nan,nan,nan,nan,5,0.03644081718976132,0.0,5.346463668103961,0.621264825977151,0.572782241286869,0.01714185432941596,0.01742730156074466,0.6382336363353508,0.0008652643455147811,1.5333470578600785,1.5009851261173721,4.499849338021823,0.007128536070601447,0.7250885115893272,0.16963720014660597,0.14637371691935666,0.016177044185126055,0.014376684246446466,0.15782015958668885,0.0004916704548480432,1.5364895327684778,1.5022781010554227,4.496330415272968,0.004627841159738912,0.8317934036001073,,,,,,,,,,,,,,,,,,,,,,,,,,,,,,,,,
90,9.244187101854851e-06,1.4007706328071137,0.4767178940688888,0.19074902663909976,0.1098221756807168,0.03654380596725375,0.01878773083020086,0.19829566570178145,0.1143738895523896,0.3211800484022911,0.15919797383908008,5,0.036391192901278485,0.0,5.347837813536387,0.6215425178278139,0.5732300828200941,0.017543067040463753,0.017373214616824555,0.6389342898993959,0.000868445097701523,1.5335020833301563,1.5010895904813228,4.500244057778117,0.007093268192137703,0.7223707404346741,0.17065474495979552,0.14683109915732923,0.017070801026393644,0.014638058738019316,0.15893141742327854,0.0005165708629694443,1.5363906533459295,1.5016037689094432,4.493395209617715,0.004744550530311357,0.8434623358828984,0.029780546666622852,0.02257918759970728,0.022158271953296994,0.03259252715016085,0.027897878162388572,0.0019602711329389307,1.5334458645321374,1.5294424984080528,4.619543228334977,0.0007796794018455434,0.2384348336373568,0.17757044235215477,0.15290907215613112,0.016828012068547143,0.013726225377279664,0.16512743974010832,0.0004384949712382083,1.5365378953418087,1.5002118304224394,4.4870878009168385,0.004942794415827581,0.8737137054424803,0.27887745411888915,0.2226946926999308,0.015228921762978305,0.02415750449162377,0.3752605424784719,0.0004736328857577453,1.5462512247100388,1.4993641574062764,4.487982774223291,0.007270756635929863,0.9828553052621511
91,9.07121762241455e-06,1.4005980168771555,0.4767628980558128,0.1916693303340902,0.11050410984375329,nan,nan,nan,nan,nan,nan,5,0.036263487337100775,0.0,5.3361115291732215,0.621476574856577,0.5726140629995798,0.01749453206459107,0.017449802564931515,0.6391224398300385,0.000785315493777853,1.5340015398882159,1.5014753090776207,4.50209063488872,0.007131698724539408,0.7307140084061663,0.1714526458682401,0.14734478488819622,0.0173513062402179,0.01432365961326585,0.1597583193360929,0.000429437316688082,1.5385364762076459,1.5023526323551253,4.496805401975302,0.004784242991459059,0.8622249919486137,,,,,,,,,,,,,,,,,,,,,,,,,,,,,,,,,
92,8.898991725296858e-06,1.4004131918769673,0.47702915406036706,0.1903197140542366,0.11016575791567206,nan,nan,nan,nan,nan,nan,5,0.036445077625731015,0.0,5.340267600232803,0.6214097175345842,0.572929120530938,0.017443179339008835,0.01749746964380946,0.6385559091949086,0.0008531684593726446,1.5342655469661899,1.501758116127516,4.5032875875098775,0.00712482766711832,0.729623210062521,0.1701084216198098,0.14672074484904274,0.017667139334399302,0.014628298820950156,0.15917193910350086,0.0006107461732590576,1.535256860516138,1.5005547091395264,4.488641342723497,0.004646329082358922,0.8416125972185587,,,,,,,,,,,,,,,,,,,,,,,,,,,,,,,,,
93,8.727575806863586e-06,1.398277323580991,0.47658775650918633,0.19421258446600384,0.11116702178786775,nan,nan,nan,nan,nan,nan,5,0.03634742506637842,0.0,5.335018922925807,0.6203992341612251,0.5722528428300261,0.01760611471270314,0.01744852482547865,0.6380060305912507,0.0008019383511822381,1.5344302860760832,1.5025988691707617,4.506894939004434,0.007013841895087496,0.7197184409516852,0.1739091396411984,0.14898081786645687,0.016681078458585744,0.014492944656184769,0.16149821748931315,0.0003344921776347087,1.5415338751015997,1.5056273281156523,4.511273217897093,0.004905307950259135,0.857271029547535,,,,,,,,,,,,,,,,,,,,,,,,,,,,,,,,,
94,8.557035951214338e-06,1.3961842672748843,0.4762498846866735,0.19806885394097348,0.11260925656859892,nan,nan,nan,nan,nan,nan,5,0.03623898734253723,0.0,5.341468202752507,0.6195213126316438,0.5711842601842099,0.017475680532165864,0.01743657525486018,0.636802351402567,0.00082416083253235,1.534323029667035,1.501417339583257,4.501840307518705,0.007114919277167078,0.7378160467894517,0.17731814476730703,0.15185267594834478,0.016170249576408405,0.015037143598197323,0.16633870931161085,0.00044805659135384323,1.5400393731371933,1.5042291682789573,4.505131290130769,0.005006790912376372,0.8727889308434656,,,,,,,,,,,,,,,,,,,,,,,,,,,,,,,,,
95,8.387437904709846e-06,1.3955740820262468,0.47559886959589703,0.19061785424718358,0.10981479514430219,0.039826247268021905,0.021137868624957076,0.1979819726111158,0.11424863854505289,0.3236447705191479,0.15886664538160705,5,0.036176253159019386,0.0,5.33677382092708,0.6192339195486187,0.5708776797526384,0.017444215166954984,0.01743929011404424,0.6367782931339303,0.0008929136922608543,1.5339343455867465,1.5017971091670559,4.503313727903335,0.007076922243132709,0.7315257281020393,0.17065169165436322,0.14605369351890843,0.016365902809732488,0.014349697966636536,0.15887324751814977,0.00039836496009001477,1.5394667726506797,1.5028186040933231,4.4987456871721045,0.004866469809265253,0.8821328985298724,0.03270304545874281,0.025589562960692355,0.02249487022223667,0.031909367340882726,0.031220170133289305,0.001039306767708698,1.5403639490227847,1.5364722559649957,4.651844978747075,0.0008359451702422121,0.24430991656240827,0.17741303956599938,0.15193326914046423,0.01606770476743909,0.013457382066239731,0.16486769457505965,0.00036203805762168067,1.5394219193609573,1.5011359212709938,4.491090732910845,0.005067996242176336,0.9140240680246071,0.28057407719928434,0.22174931031378065,0.014513445529728214,0.023768514953071335,0.3841935973976211,0.00038283995821361376,1.549824791526712,1.5007234183580236,4.4942661389534875,0.007418100048965153,1.0294789130902775
96,8.218847050625482e-06,1.3969511553859792,0.4759138014792623,0.19503441412150235,0.11197662420625269,nan,nan,nan,nan,nan,nan,5,0.03625753977518002,0.0,5.338822644792695,0.619851098850805,0.571258246033156,0.017428684478636654,0.01732558269876083,0.6373951753992405,0.0007950601811839354,1.5348724558898412,1.502508854603846,4.506561579640576,0.007107787234185131,0.7374311670806497,0.17441757079348805,0.15042670087741608,0.017013592789659648,0.014450391744560545,0.1639260214805307,0.00046861902112283957,1.5373913836788693,1.5029565303884105,4.499189888313182,0.004757448455999213,0.861238576485157,,,,,,,,,,,,,,,,,,,,,,,,,,,,,,,,,
97,8.051328383944768e-06,1.3940197265118714,0.475149034354512,0.19100608319113735,0.10976938540560725,nan,nan,nan,nan,nan,nan,5,0.036296444516280835,0.0,5.345789001065754,0.6185212337671927,0.570075183228402,0.01737475075096423,0.017392487744143998,0.6360984675652653,0.0009203792721347374,1.533545213416404,1.5011449137485766,4.500485217080565,0.00711328460551944,0.7397060494626494,0.17100762357117313,0.1467296867049096,0.01616664787867716,0.014447112970083232,0.15942160747232573,0.0003906750145939185,1.5393861587717985,1.5032986317245776,4.500825938072422,0.004800685040107349,0.882649181433903,,,,,,,,,,,,,,,,,,,,,,,,,,,,,,,,,
98,7.884946486302575e-06,1.392533541092488,0.4758881282428745,0.19259755111362495,0.11062580865761867,nan,nan,nan,nan,nan,nan,5,0.03627714887185528,0.0,5.345748236464269,0.6178461982132932,0.5694921839451793,0.017361476666347728,0.017388705790919456,0.6355637239223279,0.0008534049109824179,1.534210453751766,1.501833892255531,4.503681941089955,0.007049129760230262,0.7452550764064568,0.17249966746422915,0.14770015613468265,0.016055203025811003,0.01466724120160227,0.16045687621279858,0.0004048399622785355,1.5408368636859804,1.503646418074457,4.502448594476039,0.004944768825384357,0.8876289615407751,,,,,,,,,,,,,,,,,,,,,,,,,,,,,,,,,
99,7.719765501087662e-06,1.3912916521505583,0.47498229482755217,0.1935797602803667,0.1116961364583744,nan,nan,nan,nan,nan,nan,5,0.03625545225730819,0.0,5.349656390671788,0.6172512991498058,0.5686762678264652,0.01741630884742136,0.017344144459002068,0.6353380912126642,0.0008672030900450733,1.534625366745611,1.502247651577076,4.505369261061933,0.007068128325865581,0.7451366946447783,0.17335134727397472,0.1487719499208596,0.015752537226741803,0.014354995832405263,0.16213796174865155,0.0004093425177140248,1.5396727925814506,1.5025816882732164,4.497579188050329,0.004886866103353552,0.8973805046689275,,,,,,,,,,,,,,,,,,,,,,,,,,,,,,,,,
100,7.5558491087142025e-06,1.3936740883354992,0.4753917319096502,0.19219653032752917,0.11103936351202746,0.03490433059918093,0.018029258145423093,0.19989454849329924,0.11568987294177144,0.32599788921554385,0.16143828577068173,5,0.03635524590229108,0.0,5.335466950473991,0.618326305995825,0.5700210755659582,0.01737225578367556,0.017340910652973465,0.6362952427473525,0.0007917738129984643,1.5350052426016578,1.5026041484219588,4.507035536211418,0.007069716730481665,0.746119949266126,0.17188681251158378,0.1487348968869205,0.016451440797015732,0.014432245012107577,0.16183951627587032,0.0005275774743506141,1.536613902271677,1.5026295118196262,4.4977089187615755,0.004641612995915282,0.8555296682217263,0.02834571440415189,0.0212377776941807,0.02248280072036095,0.03226153683113993,0.02610844485685337,0.0008071661595922349,1.5437183262916412,1.53985424299858,4.6674968534314445,0.0007412260902534281,0.24729111468636503,0.17893697489433175,0.15498280541728038,0.016160822960591865,0.013527828176943283,0.1682286918033751,0.0005094958684304522,1.5362586884329814,1.5007682762193373,4.489219552491965,0.004836632624408105,0.8859415876334855,0.28247315419558877,0.22636132105947004,0.014695658707443784,0.02386872223500013,0.38789026976519225,0.000581137212150098,1.547315841818041,1.5011397400034054,4.496179644280485,0.00717346241605622,1.0002242878278782
101,7.39326050207174e-06,1.3913597245253437,0.4756355902906165,0.19481569532774615,0.11219795181226748,nan,nan,nan,nan,nan,nan,5,0.03626650477510867,0.0,5.3289539336812,0.6173294220314748,0.569181852486967,0.017211258072993594,0.01736773086371322,0.6351891437460535,0.0007540285619779228,1.5357631377907932,1.5032292473693316,4.509779474383003,0.007084581256600493,0.7438305306294041,0.17437316169942735,0.15049056720828996,0.016218553444786867,0.014511460508454676,0.1633367554441693,0.0005210913871150415,1.5378728179642298,1.502485947836389,4.497073801418938,0.004764917084637292,0.8708989533709123,,,,,,,,,,,,,,,,,,,,,,,,,,,,,,,,,
102,7.232062362163159e-06,1.3872022111687776,0.4747782987751939,0.19102308273916463,0.11062013660399901,nan,nan,nan,nan,nan,nan,5,0.03617905147927013,0.0,5.331227622222954,0.615427847276637,0.5669996476687527,0.017328182807200436,0.017375971858759665,0.6335743408983527,0.0008301120058564953,1.5350883369892565,1.5024570317820727,4.506255440153709,0.007052551176525552,0.7478490149406024,0.17086180434008572,0.14735110238153487,0.01764305967500592,0.014470072355065523,0.1587364805816536,0.00045918854384119427,1.5386765111298903,1.5031358776529082,4.499879479619067,0.004720989158634,0.8635348286204861,,,,,,,,,,,,,,,,,,,,,,,,,,,,,,,,,
103,7.072316833939931e-06,1.3882399434111048,0.47456734133407613,0.19170754949997962,0.11032800872638858,nan,nan,nan,nan,nan,nan,5,0.036200542080758125,0.0,5.338314438041843,0.615821802735811,0.5677544714591938,0.01790058758851053,0.01743083356916519,0.6338138499387915,0.0008949075508282384,1.5346819285079096,1.502410597108728,4.506097849768735,0.007030295459441372,0.7439899487501248,0.171527782893778,0.14778260753851108,0.01653889745212121,0.014576957657421872,0.16053258880893986,0.00044156036333446513,1.5394089062745417,1.5040089421556122,4.503728990379681,0.0047508395678195,0.8869162239871725,,,,,,,,,,,,,,,,,,,,,,,,,,,,,,,,,
104,6.914085502344088e-06,1.388131395428411,0.4746757655024131,0.19145415685675443,0.11141856203737154,nan,nan,nan,nan,nan,nan,5,0.036143974114666605,0.0,5.334188427443852,0.6158882671858121,0.5676042761158872,0.01731835728092963,0.017375935238749998,0.6336480179349392,0.0007975722969577715,1.535898365598928,1.5034450677806501,4.510544999737172,0.007057184265692642,0.7494553548995245,0.1712477869930134,0.14815235982278366,0.016892378259313928,0.014368575366718617,0.1602031001076642,0.0005398739567184481,1.538571704007529,1.5034592490018985,4.5012423474259124,0.004688987524182867,0.8750007762580958,,,,,,,,,,,,,,,,,,,,,,,,,,,,,,,,,
105,6.7574293685660295e-06,1.3852303680890565,0.4748533304578564,0.18964075154230534,0.10930940349559512,0.034908450811428945,0.0181523329804086,0.19720220558935997,0.11386726419603915,0.32471093455032896,0.15869988572940932,5,0.03614636347932787,0.0,5.3411813603368055,0.6145225466318878,0.5668610847342084,0.0176762910353872,0.017316842593208658,0.6323090050553452,0.0008580452642798499,1.5349995033471828,1.502822347875705,4.50783078883688,0.007002244128345358,0.7555810390262176,0.16965549715566344,0.14567094367138156,0.01694553140599873,0.014621495968007657,0.15823758609382949,0.0003348404546258198,1.54210324259002,1.5055077663872227,4.510362122433025,0.0047907706011207545,0.9037930813138009,0.02838281066203384,0.021180278328703294,0.0218987915922466,0.03198166531311123,0.026535050763128412,0.0011139360719334963,1.5411654660628218,1.5373428979538855,4.655786327396804,0.0007449194243074827,0.2548656750171976,0.1765854207401171,0.15175132125387822,0.016704662601120156,0.013740788547511465,0.1644151184907292,0.0002930507579825503,1.542150124165119,1.503916006176103,4.503090896448519,0.004993063363487017,0.9362394550833192,0.28096486011300564,0.22422694109370597,0.014709578151342346,0.024355065184060515,0.3903158471779315,0.0004447216206633381,1.5532338280177702,1.5037959569170396,4.508213035598313,0.007400026378319484,1.0561595028415034
106,6.602408826527413e-06,1.3875444198684241,0.47497810308366234,0.194794842701553,0.1122121147614226,nan,nan,nan,nan,nan,nan,5,0.0359811257931429,0.0,5.3317075357435195,0.6156147372854245,0.5674725423242923,0.017250025533099796,0.01732620154257812,0.6339070564612772,0.0006916168278743657,1.537341851595056,1.5047928359684295,4.516543693612058,0.007050178394886371,0.7585219591479987,0.1742909311608419,0.15056386575982766,0.016143259444403528,0.014697094098019694,0.16409462058980745,0.00040702396241130235,1.5410954355477942,1.5058890521083932,4.512054146577349,0.004769337440645062,0.8883529403805644,,,,,,,,,,,,,,,,,,,,,,,,,,,,,,,,,
107,6.449083639598149e-06,1.3870209324905896,0.47512722201356766,0.19236795961756376,0.11172602104929884,nan,nan,nan,nan,nan,nan,5,0.036226051854453385,0.0,5.321091556205407,0.6153810659917518,0.5676185602977889,0.017186723802480704,0.017364074264117544,0.6331917689056797,0.0008566112065582706,1.5354331430361197,1.5028869022586797,4.507988122566659,0.007041774592890209,0.7572815262079587,0.17215963763411196,0.1485509812265214,0.01650271800926639,0.014340760329093327,0.16074505387312574,0.0005898188227597478,1.5381361688399902,1.501616196107564,4.492937145559722,0.004773106021329548,0.897099229993842,,,,,,,,,,,,,,,,,,,,,,,,,,,,,,,,,
108,6.29751291755647e-06,1.3873202977385624,0.47503585779960217,0.19023774267899793,0.11014854830264813,nan,nan,nan,nan,nan,nan,5,0.03629971947633941,0.0,5.327560321367463,0.6154864070793211,0.5670237773098653,0.017214248594762352,0.01742610415436373,0.633465688025828,0.0009618851453848644,1.5344624265620856,1.50148703760384,4.50188609240152,0.0070745374315234,0.7638123184913529,0.17032643301525321,0.14664791640492747,0.01599144726524794,0.014309407452870852,0.1587812256853324,0.000497937344065319,1.5391266606618776,1.5030659489880245,4.499438812493199,0.004744479887071923,0.8958134256975949,,,,,,,,,,,,,,,,,,,,,,,,,,,,,,,,,
109,6.1477550938010106e-06,1.385968365047825,0.4746004348136092,0.19006702259249467,0.10976752844204073,nan,nan,nan,nan,nan,nan,5,0.03612127642784746,0.0,5.333899829871561,0.6148543447470087,0.566775877512807,0.017301592044639498,0.01728835887901034,0.6333438422064069,0.000767003331587772,1.5366313373937068,1.5038754921467032,4.512594654997417,0.007052833048534871,0.7594359184831778,0.17013565442027834,0.14635428970254258,0.016579680811245532,0.01430638009037805,0.15818198059543725,0.0003922311527617256,1.5409392107032562,1.5047538442100128,4.506998929126592,0.00478857887809562,0.8949725171232801,,,,,,,,,,,,,,,,,,,,,,,,,,,,,,,,,
110,5.9998679028235885e-06,1.3838511756256955,0.47387735657898916,0.19045095914894336,0.11063144327423548,0.03489625516733726,0.01799164165703561,0.19804619008883806,0.11526344167534744,0.3237734566674595,0.16066680184413146,5,0.03615714273374466,0.0,5.342259781042905,0.6139241797816404,0.5658889956500607,0.017375871643823006,0.01727551838570542,0.6319641576647294,0.0007894212426930882,1.5365304194340836,1.5038319293572162,4.512392488302817,0.007069279081266933,0.7630500530325399,0.1705753645384675,0.1473436629616728,0.015987030512621594,0.014157100521344421,0.15843463003790512,0.00038139641952794916,1.5414935188614667,1.5061971366209843,4.513341637708486,0.0047208691722738115,0.8832460634606246,0.028343638316447678,0.021214221640912377,0.021845337521432102,0.032154664899471434,0.026581307130462264,0.0016799347553488166,1.536866098618907,1.5333997695250088,4.637437706609563,0.000727234044328372,0.25470901243905303,0.17754766932335286,0.15350442177093046,0.015702279498528815,0.01324422434732685,0.16460007875658073,0.000313689964400955,1.541724883452431,1.5048370016319514,4.507136812997738,0.004920551245008454,0.914672940083849,0.2806752019328293,0.2241233188303627,0.013861072918156586,0.02355200889888937,0.3852058286341707,0.0004350871099072702,1.552966456759012,1.5053960138937499,4.515349434427419,0.007249421854376838,1.0285661318305241
111,5.853908357951501e-06,1.3853136511482627,0.47418883372398923,0.1939718755021518,0.11158715277993073,nan,nan,nan,nan,nan,nan,5,0.03629688416901044,0.0,5.345820846942488,0.6146160701366906,0.5666048292156682,0.017061203203868898,0.0172558115156045,0.6324831636438383,0.0008539526171153233,1.5360440197810696,1.5033908697679021,4.510338362004456,0.007117457882805568,0.7625239461333977,0.17353281244306423,0.14962959262336784,0.017245695071256513,0.014320769384550734,0.16194360368020974,0.00036689924572260054,1.5412697227468553,1.505620787177337,4.510856562839288,0.004789235232118162,0.8887674327484236,,,,,,,,,,,,,,,,,,,,,,,,,,,,,,,,,
112,5.709932729367753e-06,1.3823658590763537,0.47357607589554507,0.19281984176405761,0.11090818826171632,nan,nan,nan,nan,nan,nan,5,0.03608543453005111,0.0,5.341464674023279,0.6132278203764747,0.5647516083664783,0.017628295332383758,0.01722538517242583,0.6313963569315797,0.0007301735058214442,1.5375100579987993,1.504356491184992,4.514737551986802,0.007059774390675511,0.763812272358351,0.17267305391869855,0.14846573986700667,0.016193311291927154,0.014414416658124873,0.1606621464566628,0.00045551069366201125,1.5420214887499673,1.5051545493701526,4.508748186781338,0.004885742566284041,0.9093145024513132,,,,,,,,,,,,,,,,,,,,,,,,,,,,,,,,,
113,5.567996522417867e-06,1.3816168375112279,0.47400945420758867,0.19174526294961977,0.10978463352348718,nan,nan,nan,nan,nan,nan,5,0.035970666597014235,0.0,5.343846410116854,0.6129361264066648,0.5649949581838206,0.01753842445969448,0.017209084784578266,0.6308261137758988,0.000840302651851148,1.5366147869449769,1.5038720462020854,4.512561917850677,0.007044152759140272,0.7659318374005085,0.17151441774623646,0.14728514909868523,0.017177695025568367,0.014369512862058608,0.16015109020544543,0.00045070254627531235,1.5418314110292606,1.5048874501400555,4.50763829940772,0.004833156880238382,0.9155905826004977,,,,,,,,,,,,,,,,,,,,,,,,,,,,,,,,,
114,5.428154456211506e-06,1.3818126274223572,0.47397057923319597,0.19191944334899125,0.11070553110930895,nan,nan,nan,nan,nan,nan,5,0.03621888108447669,0.0,5.3435223411551345,0.6129679448746461,0.5647172273304637,0.01754520332545738,0.017210008128699415,0.6310676925600925,0.0008449192232185395,1.5364477456359584,1.503300373235242,4.5100484073189,0.00708391000390261,0.7774505017029467,0.17183240348464984,0.14829090886223614,0.01614452152396666,0.014532636933075627,0.16016526117047966,0.00041199818425533295,1.5424158402647192,1.5066941916584795,4.515642961601399,0.004775580742376888,0.9050932061204426,,,,,,,,,,,,,,,,,,,,,,,,,,,,,,,,,
115,5.290460442527198e-06,1.3820034694977932,0.47387403047035304,0.19004164373222163,0.10955828858929044,0.03489297676736636,0.017982573078760597,0.19760295555276225,0.11413705006232545,0.32450378779442496,0.1595776908720265,5,0.03613668797781616,0.0,5.340782909194542,0.6130279752227048,0.5649798047321132,0.01735178890982561,0.01723293328789302,0.631812604647697,0.0008736753679171236,1.5359825580877058,1.5037252587448313,4.511837038896689,0.007015833706130072,0.7680914787137562,0.17016596089657812,0.14620152472445927,0.01634465524498864,0.014304470237488043,0.15798817704649748,0.00040213189645579443,1.5436707197782624,1.5069369713460672,4.5165888069614875,0.004795674568813667,0.913408992720351,0.028365711550261262,0.02112218282748221,0.021541182136522074,0.03234128865622149,0.02656848774615639,0.002092080097288877,1.5344324029372904,1.5307986999490795,4.6253976488873425,0.0007473302131273504,0.2633308036323414,0.17710507250231902,0.1522952033663556,0.016094781167649428,0.01339047700138942,0.16411108656567192,0.00031401415708268523,1.54413263081764,1.505743889675405,4.5111483759199995,0.004998091872163846,0.9459129141478083,0.28085428815259467,0.22495115315561723,0.014425915333108368,0.024026047931578094,0.38975106182608255,0.000414624596832591,1.5552831249706283,1.5062290713557613,4.519328567453845,0.007278748693581338,1.0600842036303642
116,5.1549675650283576e-06,1.379883448200902,0.4736564945067632,0.19137438301436668,0.1107772330712443,nan,nan,nan,nan,nan,nan,5,0.03610785799752508,0.0,5.334144180748551,0.6121049840985016,0.5639202177910345,0.017560560166708202,0.01722150994790058,0.6303212303733338,0.0008049341735945085,1.53735143705082,1.5040928498494313,4.513479044173475,0.007046357665694373,0.7751119912499765,0.17130937911110702,0.1478288518111932,0.016623930078873733,0.014427468371762493,0.15924136314245763,0.0004943033931218921,1.5408510844634238,1.5051190538881842,4.508458088309865,0.004745535647035726,0.9053038267253557,,,,,,,,,,,,,,,,,,,,,,,,,,,,,,,,,
117,5.021728058798474e-06,1.3810143564527892,0.4740835800485263,0.19243656904316986,0.11203617205322326,nan,nan,nan,nan,nan,nan,5,0.03610369587921389,0.0,5.3433470256914815,0.6126182550825326,0.5647347007189332,0.017436765525868866,0.017239634334362503,0.6309045900128458,0.000901212739449296,1.5361550613792767,1.5035735810384474,4.5111185291214255,0.007011834768615335,0.7694593355139181,0.17231336952103593,0.1488832331348922,0.016249928508816108,0.014303496342601701,0.16031322758297264,0.00045039508599869425,1.5407495435155552,1.505173396656704,4.508737977722738,0.0047234656629229575,0.8968770895456335,,,,,,,,,,,,,,,,,,,,,,,,,,,,,,,,,
118,4.890793290203535e-06,1.3773692101341748,0.47352501686980103,0.19175502907231512,0.11104338723464104,nan,nan,nan,nan,nan,nan,5,0.03594946994398812,0.0,5.346189183586712,0.6110537813489451,0.5630383660670277,0.017176857991113632,0.017194660065437826,0.6292051174660963,0.0008060193860540197,1.5366771441608833,1.5041116597618807,4.51352711116854,0.00701796680783571,0.7709959361090322,0.17173389867888897,0.14822904329983697,0.01637944223589848,0.014350415021065438,0.1591805618138349,0.00040726655249151346,1.5416246595044842,1.5060585542838676,4.512699111091656,0.004780305013399092,0.892888479775376,,,,,,,,,,,,,,,,,,,,,,,,,,,,,,,,,
119,4.7622137370892875e-06,1.37932640848176,0.473086448445435,0.19187820829453509,0.1113229007650286,nan,nan,nan,nan,nan,nan,5,0.03596528603902562,0.0,5.341245099004333,0.6119080071380969,0.5641226151506444,0.017318437603661137,0.01717062739066169,0.6300974291648476,0.0008166115953590072,1.5368397653661752,1.5042646622426203,4.51428791074193,0.007033125747088192,0.7668342402509032,0.17176045190832548,0.14838090928395178,0.01624483805899214,0.01441642730414892,0.16025398821215897,0.000553161226517007,1.5389101111445072,1.5036248743003555,4.501817217086651,0.0047098478698881525,0.8917468866034446,,,,,,,,,,,,,,,,,,,,,,,,,,,,,,,,,
120,4.636038969321081e-06,1.3771757514819618,0.4731103161998569,0.19131304904306068,0.11062285006672005,0.035559478263798475,0.018157991838104185,0.19898513165968246,0.11524608629975253,0.3304597954324056,0.16261420975831958,5,0.03613296421237566,0.0,5.344938979033986,0.6108992741964633,0.5628963924021712,0.017373808679749747,0.017150907502008175,0.629108997243408,0.0009578889227529861,1.5351321499311146,1.502747863463298,4.50738487453651,0.006994352559405466,0.7694601246233055,0.1712087808571304,0.1478706478581256,0.016520295749513532,0.014441893485201219,0.15980114450237423,0.000459673766681142,1.5403952431276202,1.5045367268091556,4.505904194469493,0.004740532416745456,0.899532656021416,0.028920166398323587,0.02189682386962061,0.022310777302562288,0.031560699049559986,0.026798898179359352,0.0015645975789413415,1.5383352973204028,1.5349328944955003,4.644424786485764,0.0007329094622107201,0.26007007228072154,0.1782469179690242,0.15407815009978612,0.016239354818476402,0.013574211205219141,0.16605704427295973,0.0004016527903486637,1.5404982371775415,1.5030169204805879,4.498978165689894,0.004940913083593536,0.9315057748169959,0.285384724308151,0.23055636992112902,0.014446459050994908,0.0244926557915159,0.403313551919698,0.000524906140055152,1.5518520972211143,1.5042866947942115,4.511114865682945,0.007209249054245332,1.0395440076207312
121,4.512317629673738e-06,1.3785048965913052,0.473448091462138,0.19194260193369067,0.10998774546742436,nan,nan,nan,nan,nan,nan,5,0.03604879979550731,0.0,5.340432300993872,0.6114717578346055,0.5634360797396187,0.017707426274678542,0.017191403105987716,0.6296981131016275,0.0007989986612549475,1.537468553950988,1.5045451126168041,4.515477502166501,0.007061936056392409,0.7751268526775552,0.17184700450287158,0.14767896622026305,0.016030449323757356,0.014553920183631842,0.16052191172177496,0.00033020418408473195,1.544406398615183,1.5076958274701713,4.520157098605165,0.004863458155565499,0.9185613041073256,,,,,,,,,,,,,,,,,,,,,,,,,,,,,,,,,
122,4.391097415078836e-06,1.3763348910265476,0.47249397682323296,0.1890091952275006,0.10914828003613498,nan,nan,nan,nan,nan,nan,5,0.03600369714398465,0.0,5.33584235386069,0.610521674375993,0.5625644393254231,0.01760534673759216,0.017203073778062475,0.6286498913780322,0.0008331074031488312,1.5367270939234636,1.5039437754437095,4.512846877476697,0.007019234512047255,0.7756205093774815,0.1691094047700604,0.14560874821696138,0.01677804795981809,0.014478584753051055,0.1576414007003375,0.0003613998023668616,1.5430625828252198,1.5070449448662584,4.517064072882244,0.0047052199376111,0.9195079414109242,,,,,,,,,,,,,,,,,,,,,,,,,,,,,,,,,
123,4.272425058236637e-06,1.3750066766295124,0.4731586106335869,0.1911080770410665,0.11073616886419517,nan,nan,nan,nan,nan,nan,5,0.035987586325407,0.0,5.337143884305878,0.6098836586575285,0.562187443320011,0.01757248338429432,0.01714672403773872,0.6285084603419494,0.0008357836172279194,1.5367531210489396,1.5045305958652762,4.515393794419386,0.006978835013423844,0.7725398642841627,0.17102369890033373,0.14772691951781686,0.01622268463013374,0.014601553326044833,0.16008178513955051,0.00039023727408665413,1.542283403349962,1.5067454005604708,4.515709100132116,0.004708913834027204,0.9123075872641176,,,,,,,,,,,,,,,,,,,,,,,,,,,,,,,,,
124,4.156346309599728e-06,1.3755054906434536,0.4730364683651932,0.1892998011864229,0.10967547252818743,nan,nan,nan,nan,nan,nan,5,0.03591165963138513,0.0,5.333021476126637,0.6101573422371327,0.5622198203840961,0.01753469572182939,0.017186291646426568,0.6284757937053561,0.0007803017060584274,1.5375093704547387,1.5047733436975017,4.516624962186999,0.0070040427187197055,0.7760478160110332,0.16946555764671897,0.14583890361901794,0.01641054180911951,0.014343127720222103,0.15749911170243638,0.0004186216921426171,1.542608394300465,1.5064268723968766,4.514249386383999,0.004771385905446191,0.9180666964611853,,,,,,,,,,,,,,,,,,,,,,,,,,,,,,,,,
125,4.042905919735376e-06,1.3747836847497523,0.47306332730643635,0.1893030111776731,0.10920099415598662,0.03466714857232124,0.017926140028240764,0.1968858570235532,0.11376474174708467,0.3264992405782242,0.1601628291842286,5,0.035952530025071774,0.0,5.335472279441552,0.6098925571661064,0.5617108866194386,0.017165018734975074,0.017203399192624265,0.628004876164482,0.0008641532037938645,1.5366575244848493,1.5036924693506821,4.511738799106224,0.007060153279470173,0.7867534704915462,0.16949037460679506,0.14569344718663477,0.016050844401009658,0.014412223035561911,0.15785706020960186,0.00036493597910128165,1.5433335487320206,1.5068502011698037,4.516231861447838,0.004783822950781001,0.9318773467814926,0.02813900562284329,0.021075050938582227,0.022176909922190124,0.03153196382666937,0.026136068371148662,0.001238584043055193,1.5414138762853675,1.5379457593729124,4.658357966511276,0.0007287691689438191,0.26338435559632045,0.17645164245713746,0.15180798825184225,0.015752287464606926,0.01354544689993333,0.16401880478284,0.0003191214819841519,1.5434295238231532,1.5052954197936708,4.50912552364715,0.004986575567395827,0.9653019731658212,0.2824250130649265,0.22701008920467358,0.013974242070734012,0.02421544423993286,0.394432957188086,0.00045057489210317684,1.5548896897595454,1.5062640417635724,4.51988709276485,0.007290874217063298,1.0785071479384118
126,3.9321476220733e-06,1.3746375781308187,0.4727434426894142,0.19083972437871313,0.10987412918029772,nan,nan,nan,nan,nan,nan,5,0.036058538472639345,0.0,5.335257989646776,0.6097619540528747,0.5615507931557638,0.01712152657436072,0.017221054973639384,0.6284895658777494,0.0008337071293751544,1.5369180640325455,1.5043587200450146,4.514590598195104,0.0070433441830635825,0.7821957808677521,0.17084949251926287,0.1468493429895063,0.016077367313994725,0.01462852840116043,0.15941626574727022,0.0004444308413717269,1.541874480176995,1.5049571763250509,4.507799468192893,0.004825401068181346,0.9385925175511449,,,,,,,,,,,,,,,,,,,,,,,,,,,,,,,,,
127,3.824114116045642e-06,1.3743724067895757,0.4728240528935496,0.19202955819340972,0.11097307265122983,nan,nan,nan,nan,nan,nan,5,0.036000965185606644,0.0,5.332539818101405,0.6096539924581778,0.5614398852359195,0.017400718600478916,0.01723091346530561,0.6279162152369767,0.0008721255744476302,1.5367024335034722,1.5039275970206767,4.512702746123753,0.007036477888702364,0.7853692324569811,0.1718697745547196,0.14841464508520838,0.016265706558466913,0.014372575331295233,0.16075014547595332,0.0003408164594291198,1.5432962551395288,1.5077396314106133,4.520200310694769,0.004735124834198786,0.9133002999906379,,,,,,,,,,,,,,,,,,,,,,,,,,,,,,,,,
128,3.718847050625479e-06,1.371937747471042,0.47256298346967546,0.19130236278844515,0.11103558452066194,nan,nan,nan,nan,nan,nan,5,0.03607367740586368,0.0,5.336274429641075,0.6085462689718475,0.560745824660781,0.0174526047183461,0.0172496851590367,0.6267415225665735,0.0007542891095596708,1.5379411552641022,1.505084399369854,4.518046484506663,0.0070067307799775505,0.7821848119734223,0.17111742382276296,0.1479668318707558,0.01666285774087821,0.014613317096522782,0.16035208803368767,0.0004899984852329546,1.5399687809612368,1.5042272414271953,4.504445686146309,0.004668400096434537,0.9128857001902404,,,,,,,,,,,,,,,,,,,,,,,,,,,,,,,,,
129,3.6163870082703823e-06,1.3729253589711685,0.4730204366850139,0.18965692136854317,0.11008741261460835,nan,nan,nan,nan,nan,nan,5,0.03598648260447972,0.0,5.3437454488550316,0.6089720494487957,0.5609700757974427,0.017389996310204596,0.017230210324504724,0.6276149404914099,0.0008201040214089833,1.5370958189786847,1.5043130861214393,4.514465754477317,0.006993411541339254,0.7813070168016454,0.16969877465350733,0.14669830386429142,0.01637943370908496,0.014242158996249013,0.1586894345890888,0.00045766307612774313,1.5407314438975979,1.5048633898982848,4.507236772618958,0.004655544631152082,0.920146518571854,,,,,,,,,,,,,,,,,,,,,,,,,,,,,,,,,
130,3.516773489277099e-06,1.374760658476937,0.47305294314431634,0.19230617663223823,0.1113245590454471,0.03479390210433298,0.017918567490152654,0.19999510930453587,0.1159948610406908,0.33295047703131964,0.16395075620828542,5,0.03594605889644581,0.0,5.344122634899956,0.609850576134425,0.5618528019668105,0.01736664442256625,0.0171737882255055,0.6280061904914143,0.0008663027379371047,1.5366479179426689,1.5037689042672095,4.512044342672245,0.007000077298782332,0.7809168083400739,0.1721160490307615,0.14863757484132,0.016603284049633214,0.014371795716373295,0.1604836771148949,0.00042345511984701024,1.5418567168429549,1.5052956622423186,4.509223648202932,0.004797057062687653,0.917553371818674,0.028226714041003083,0.021177293218501085,0.02201260826352824,0.03163505161392765,0.02653680675347087,0.0016698431212835198,1.5377990569517592,1.5345428153166143,4.642564589635256,0.0007197534683538526,0.26318773446900334,0.1791719428071865,0.15486303959320208,0.01634251996455319,0.013496726170425903,0.16670268320748585,0.0003584453316326548,1.542059599089341,1.5038333017627192,4.502556600008068,0.00500092184053099,0.9502716530195997,0.2875080962163341,0.23263354255726587,0.014527687671874482,0.0240994597783969,0.40671022189399214,0.0004975798411167601,1.5535297939167179,1.5050381817177652,4.514381748466179,0.007277560687632359,1.0611815223623875
131,3.420044896553424e-06,1.372169460077707,0.47254885258068396,0.18939004019543912,0.1101568697254447,nan,nan,nan,nan,nan,nan,5,0.036041601355026,0.0,5.339483129177386,0.6086929642699653,0.5609938140415996,0.017226207895876488,0.017273204273108793,0.6267631342802034,0.0008314913033425791,1.5371088804486894,1.5041717211337182,4.513829963407765,0.007037744123724367,0.7855850767586041,0.16950645293354913,0.1465875684719275,0.016339264167961005,0.014245643266847243,0.15798558320052683,0.0005161338850624363,1.5399941591571111,1.5037954255323835,4.502469356138215,0.004702158486580465,0.9169772237198235,,,,,,,,,,,,,,,,,,,,,,,,,,,,,,,,,
132,3.326238520813174e-06,1.3705062498623541,0.4724042789990402,0.18945949062271888,0.1097320533193229,nan,nan,nan,nan,nan,nan,5,0.03583059767833499,0.0,5.338224101277475,0.6078449698866971,0.5598670401916466,0.01764307529991616,0.017247969477386303,0.626790238486145,0.0008234105976128709,1.537063065704181,1.5043222601461457,4.514594614160098,0.006986941649395839,0.7827622942782094,0.16955615956759607,0.14618322151209998,0.01641174738046717,0.014366294473686595,0.1581762532455415,0.00036896239286153364,1.5431991927842377,1.5062318313240592,4.513333000479554,0.004736155070517929,0.9337919473782026,,,,,,,,,,,,,,,,,,,,,,,,,,,,,,,,,
133,3.235390526199877e-06,1.3722833403295083,0.47258029153194964,0.19360266818555938,0.11105884812904687,nan,nan,nan,nan,nan,nan,5,0.035939252338310024,0.0,5.336207174787665,0.6086993903671333,0.5608538597463062,0.01751135518977422,0.01724425846659495,0.6270286665015183,0.0008473054146539452,1.537067374133703,1.504099213657864,4.513596211527788,0.006999385367668991,0.7884904363396796,0.17329647430180833,0.14894946191719763,0.016649744527624133,0.014643590614898274,0.16154892061102993,0.00035818644910611637,1.544626320931625,1.5072651014522025,4.5181490190624825,0.004918068497015857,0.9353403801504462,,,,,,,,,,,,,,,,,,,,,,,,,,,,,,,,,
134,3.1475359363448308e-06,1.374234260673796,0.47265764357409473,0.1907521650693487,0.11040983464603334,nan,nan,nan,nan,nan,nan,5,0.03597818497710793,0.0,5.338967812109545,0.6095768521372532,0.5616045406331703,0.017407892311127066,0.01723389821751358,0.627991351552724,0.0009078716845562039,1.536428830137324,1.5036508086176419,4.511526030733687,0.007019855092927968,0.7835329208781397,0.17069162030850255,0.14731314030454185,0.016200185562381654,0.014405017423911374,0.1599298517840503,0.00040700304086881817,1.542558700050549,1.5065442636561048,4.514821664279607,0.0047379082920147135,0.9194518724656646,,,,,,,,,,,,,,,,,,,,,,,,,,,,,,,,,
135,3.0627086208648086e-06,1.3723182906428393,0.4723903354913294,0.19134542259353,0.11055728079495067,0.034556056564946376,0.0178562492935696,0.19899681686318654,0.11519233481283392,0.3335136329440861,0.16294248448423543,5,0.036063942928675444,0.0,5.3363523682678,0.6087035317711343,0.560958311740537,0.017601527649546665,0.017235188384309007,0.6268132555525197,0.0008186777046373526,1.537197223189309,1.504713660314834,4.516296337896381,0.006962098137259679,0.7792828766067039,0.17128096732258652,0.14740205331145262,0.016240645023030603,0.01466640542631799,0.15984188336288005,0.00046972004408616665,1.5413989791921725,1.504860892914004,4.5073207745099575,0.0048141208605269456,0.9300057144214673,0.02800839284769967,0.020995982285705417,0.02227705243664162,0.03148193949923348,0.02610649510776989,0.0014135394867392393,1.5397291426183866,1.5363112378332635,4.650701924254745,0.0007184295155367457,0.2653272556397417,0.17830494804921246,0.15357689460978155,0.01594801606654757,0.013814471777967293,0.16604771450350087,0.0004196296503743287,1.5414824720278855,1.5032883787332818,4.500151717980144,0.005018905436350609,0.9632396447429052,0.288149607782226,0.2319418627143318,0.014240871697670692,0.024831682069803497,0.4063245672338679,0.0005540008056691992,1.5529220968060418,1.5045881932492806,4.512554861216078,0.00732377219087427,1.0743104809566362
136,2.9809412823046927e-06,1.3703297988490257,0.47212181164173783,0.19065085135262155,0.11031953643679276,nan,nan,nan,nan,nan,nan,5,0.03613325509539658,0.0,5.3328320060810634,0.6078145070284467,0.560117324940248,0.017244986286359718,0.017261093488238018,0.6262333086342227,0.0008641864721954633,1.5366775557618733,1.5043953613252776,4.514788865433022,0.006989967742981809,0.7805082079875392,0.17069798897296717,0.14732440212491374,0.016140877672675975,0.014441154575963564,0.15892952943350888,0.00042245090144015234,1.542209947274551,1.5057806241567644,4.511342129257671,0.004781590903143542,0.9265795184897796,,,,,,,,,,,,,,,,,,,,,,,,,,,,,,,,,
137,2.902265443530009e-06,1.373580867495539,0.47306735137119793,0.18943121903007942,0.10978722588639195,nan,nan,nan,nan,nan,nan,5,0.03601008718634517,0.0,5.3324317872979705,0.6090565359407306,0.5614165258860078,0.017492228442329855,0.017267026794804057,0.6297867718358413,0.0008556904779668252,1.5371255517047084,1.5043909570200038,4.514706149192915,0.006996901470154672,0.7869829460497604,0.16956318392483788,0.14640207723469167,0.016091807387337613,0.014373043460183902,0.15826539110814136,0.0003994614930291035,1.5427623878898862,1.506488030992571,4.5144586719626085,0.004724826796134173,0.9290897148027811,,,,,,,,,,,,,,,,,,,,,,,,,,,,,,,,,
138,2.82671143557427e-06,1.3677135328143415,0.47160578555975213,0.18895571640545505,0.10998576661463297,nan,nan,nan,nan,nan,nan,5,0.035947434694312684,0.0,5.333931668655458,0.6066595724204172,0.5592248484087393,0.01734150947331005,0.01719770638997266,0.6249914075415856,0.0008359672912197656,1.537177483216839,1.504561278953514,4.515491625493493,0.006991002908712031,0.7840467141024652,0.16906880982801598,0.14645411246721005,0.016632785745995957,0.01438155073466974,0.15764466700719892,0.00038330666805153757,1.5428113853867622,1.5070014632156763,4.516716540388188,0.004638466400641248,0.9148392061015865,,,,,,,,,,,,,,,,,,,,,,,,,,,,,,,,,
139,2.7543083859457795e-06,1.368277254762855,0.47223462672339467,0.18956364755696836,0.10972148637741537,nan,nan,nan,nan,nan,nan,5,0.03592857758043335,0.0,5.337135037286344,0.6069105084351117,0.5596988985797139,0.017448876571649813,0.01727385723673007,0.6250858483282175,0.0008995810189063079,1.5365466341488054,1.5040614973355346,4.513297190071372,0.006955534072568067,0.7819958188863875,0.16955771338861408,0.14637910940014576,0.016775804879655805,0.014563545027124408,0.1585586559344805,0.00048542189030706574,1.5414182882198695,1.5053785325725288,4.509500737278657,0.00470439953892878,0.9237558165994483,,,,,,,,,,,,,,,,,,,,,,,,,,,,,,,,,
140,2.6850842073984213e-06,1.3708257122525866,0.47202551323127984,0.19037441197818777,0.11036366115234666,0.03459721783014515,0.0177705206406478,0.19798962717457505,0.11499332699462805,0.3296748660971082,0.16228096399023761,5,0.03594888886693681,0.0,5.335220798303188,0.607989991125911,0.5598408615153333,0.017578162974918557,0.01725490079935098,0.6268291388105737,0.0008243745790081992,1.5377445654623658,1.5047139328244221,4.516410604765388,0.00699353025755385,0.7852968207043615,0.17030979351906145,0.1471607539440913,0.016595269916754557,0.014449275642596866,0.1593788453173739,0.00042685984092154727,1.542194323485165,1.506167838866535,4.513065288689895,0.00468498774072628,0.9190960900316882,0.028010677647433944,0.020986700287006627,0.02219974130995092,0.03177382887208642,0.026455324316982207,0.0016688182740130072,1.5381261059572129,1.5349045525967173,4.644190336226233,0.0007176113170775009,0.26739512714163116,0.17729689384784986,0.15333810809001103,0.01632246630081625,0.013571625674828575,0.16557138083563955,0.0003625632111864542,1.542397734944654,1.5047310007701773,4.506509044207394,0.004883356529196038,0.9516811394489125,0.2849634941385952,0.23017636829015248,0.014463342052559221,0.02433967848545938,0.39970903325284096,0.0005162129157339775,1.5534585888755184,1.5058511069585498,4.518044537184925,0.007132515041531419,1.0597900010719348
141,2.619065587170772e-06,1.3689138699785142,0.47219978485581293,0.1930312256479819,0.11177978868745991,nan,nan,nan,nan,nan,nan,5,0.035938242714177476,0.0,5.333280015724053,0.6071230197149562,0.5593651987385121,0.01763390911509833,0.017254382731112634,0.6259085488443099,0.0008517706239337193,1.5371522811246041,1.5044550821838851,4.5150958987441605,0.00694888207926421,0.7822231420579351,0.17266770407919255,0.1495288812557989,0.016440860223533253,0.014597537471475273,0.16234157349860664,0.0004394095088048197,1.5422087035646006,1.506279230502037,4.513613400108328,0.004714677675582584,0.917149760354597,,,,,,,,,,,,,,,,,,,,,,,,,,,,,,,,,
142,2.5562779766976444e-06,1.368230598233025,0.4714824893314399,0.19200373991566413,0.1112691695994832,nan,nan,nan,nan,nan,nan,5,0.03608213828507081,0.0,5.334701956018763,0.6068601215568503,0.5593191230949799,0.01747238659003262,0.017206114737434504,0.62510031218691,0.0008932954301685604,1.5369943982307703,1.504184300398384,4.5139980628458085,0.0069929856137372695,0.7813725995532779,0.17177064274288872,0.14870005300311548,0.016430455680168647,0.014559269935554939,0.1611287151510561,0.0004612793064810319,1.5411910444507757,1.505483013181926,4.50998011754957,0.004695806463013588,0.9136758422549811,,,,,,,,,,,,,,,,,,,,,,,,,,,,,,,,,
143,2.4967455817981e-06,1.3676906608856965,0.4718355129485536,0.19008550415325093,0.11018162225338803,nan,nan,nan,nan,nan,nan,5,0.035864001868940606,0.0,5.329826958112366,0.6066701773476542,0.559285414224391,0.017298199492924545,0.01723628685269669,0.62494015919696,0.0008998335184016426,1.5366022899688447,1.503985457704358,4.513017768009905,0.006986273394530355,0.7834360314416335,0.17006652497847252,0.1467992616073608,0.016668783768039444,0.01439688060055704,0.1588590409656157,0.0004159133217235247,1.5423081914406411,1.505785576446315,4.511358281751554,0.004717053577146798,0.924504705545209,,,,,,,,,,,,,,,,,,,,,,,,,,,,,,,,,
144,2.4404913533436197e-06,1.3680553438516918,0.4714736806702289,0.189296593569964,0.10958789793174828,nan,nan,nan,nan,nan,nan,5,0.035868464121769264,0.0,5.335792754867456,0.6068229474801548,0.5588375444433046,0.017222567434788356,0.017241765248470632,0.625394584755148,0.0008821434792298891,1.5371191622185127,1.504088683094075,4.513597050817422,0.007006437299580653,0.7876384530526537,0.1694590862239049,0.14612846779394822,0.01619287711599104,0.01445950313441542,0.1578278972310156,0.0003981297855548484,1.5430913843409055,1.50672192413154,4.515507400642533,0.004726861044505642,0.9278132995037839,,,,,,,,,,,,,,,,,,,,,,,,,,,,,,,,,
145,2.387536978410122e-06,1.3692531580268184,0.47146220891873786,0.1903782667178351,0.11043792987338126,0.03453746842865469,0.017719536028683643,0.19799725264526752,0.11507385792507195,0.3309458517885486,0.16265303329160669,5,0.03597106409493565,0.0,5.334496537756031,0.6073240689492571,0.5594304872202143,0.017343832664535083,0.01724408440374737,0.6259940565521659,0.000796954719943434,1.5379485620638387,1.5050446692472115,4.517847729441909,0.006996038721557267,0.7834622584020207,0.17032160293593443,0.14721437676514745,0.016540116485253768,0.01451563143948303,0.15937863953774448,0.0004096511538859724,1.5425206107546443,1.5063867661173003,4.514039612355046,0.0046845420812140605,0.9186813513087744,0.028061932636433768,0.021003031796968347,0.021863735935035218,0.03145240862281074,0.02601491126463764,0.0013985917793357056,1.5402322362308742,1.5368485984089606,4.65317964281411,0.0007217827802130698,0.26720843503401653,0.1773076102972228,0.15339231775034487,0.016281416877854366,0.013657263615335386,0.16559028524872285,0.0003581176897756443,1.5426350287408026,1.5048636709910894,4.507082613003572,0.004882679910221083,0.9512549950513404,0.2859312933827455,0.2313486970752079,0.014391322260064121,0.024555763517927265,0.4027209318900962,0.000494387521226414,1.5540288417155135,1.5063174716038183,4.520185523265695,0.007122862208023648,1.0586820584100847
146,2.3379028719171766e-06,1.3697797733558021,0.4718930785725405,0.19115160504824152,0.11115873312691565,nan,nan,nan,nan,nan,nan,5,0.035864000432083445,0.0,5.336070791554075,0.6075676646915016,0.559694524965742,0.01746429948814407,0.017271603351933066,0.6261640446470497,0.0008062882904730486,1.537812205242627,1.504973809904196,4.517545660450453,0.006962308384475025,0.7832873907677179,0.17101234439643126,0.14820388826772196,0.016431267661503726,0.01449463046862686,0.1602334892376211,0.00048472882286377037,1.5404886172080543,1.5050117783893744,4.507836869564091,0.004636832435169515,0.9113471554416821,,,,,,,,,,,,,,,,,,,,,,,,,,,,,,,,,
147,2.2916081687576623e-06,1.3688534653972182,0.47117573294840087,0.1906264938091327,0.1101382618632358,nan,nan,nan,nan,nan,nan,5,0.035945805840905815,0.0,5.339120119279989,0.6071803801002283,0.559525320285657,0.017095149031070678,0.017227053349195318,0.6257915333142042,0.0008977842167877984,1.536508192848695,1.503861775648868,4.5125668277454904,0.006968820368734688,0.7828894880374772,0.1707141317580281,0.147223419180212,0.01564147807470446,0.014505624348664493,0.15929661515245214,0.0003837657606259868,1.5432382779009017,1.5063572869956656,4.513907790077562,0.004767206326951271,0.9296678200257918,,,,,,,,,,,,,,,,,,,,,,,,,,,,,,,,,
148,2.248670716420912e-06,1.3664629063791773,0.4712599618856064,0.19052370714807115,0.11030221963428812,nan,nan,nan,nan,nan,nan,5,0.03600125145661705,0.0,5.334825901918335,0.6061215258290186,0.5584429450969112,0.01710913049927783,0.017238100532037916,0.624447654120643,0.0008353587254180228,1.5373920685919265,1.5043868720877134,4.514883078876774,0.007004670829432861,0.7886918482412474,0.17055443955873595,0.1470959285087922,0.016083168350225118,0.014532899293499619,0.15918324749699667,0.0004435866273869911,1.5421592822344068,1.5054539322694458,4.509851295495332,0.004757900845076452,0.9320353680945488,,,,,,,,,,,,,,,,,,,,,,,,,,,,,,,,,
149,2.2091070681121492e-06,1.3694874448413707,0.47192607384581786,0.19171222905831437,0.11116319004669123,nan,nan,nan,nan,nan,nan,5,0.035936275812981325,0.0,5.3337404205324495,0.6074396785057308,0.5592035063008031,0.0172661239789973,0.017310334309278797,0.6261473453070329,0.0009080652161499122,1.5366518194364311,1.5036938283828132,4.5117305259859615,0.006985168274726771,0.7916825207436373,0.17155294975754806,0.1485280565851616,0.016294561760623397,0.014487006677134031,0.16063416897228291,0.0004305469293330886,1.541972272284764,1.5063663839994248,4.513965190687562,0.0046980129373406215,0.9131739939535574,,,,,,,,,,,,,,,,,,,,,,,,,,,,,,,,,
150,2.172932476370927e-06,1.369490080071679,0.47170329508816644,0.19103042904556258,0.11097954915824941,0.03434836941444832,0.017632911597515233,0.19868863711629045,0.11564687903698274,0.33315902701098704,0.1641102035658134,5,0.03599008075845692,0.0,5.328420912154576,0.6074031261455939,0.5594904559875021,0.017462376078523908,0.01725561039590781,0.6261575128402055,0.0008217196700366745,1.5373871652031028,1.504821522092346,4.516820277752962,0.006964265980274964,0.7852049547077153,0.17090235615649432,0.147937410967465,0.016693691363072423,0.014557645865632731,0.15978968985008382,0.0004019853703758414,1.5426191312859179,1.5067447369901759,4.5156053600874735,0.0047056328009005555,0.9193378591507865,0.027820683239539498,0.020781087897420298,0.02196053550884211,0.03159528751727452,0.02628038844902973,0.001636059604422464,1.5386012557623328,1.5354190017194438,4.646520322796919,0.0007146190012464136,0.2696374616880048,0.1779276185375246,0.1541634561140279,0.016438607740834974,0.013694377984189205,0.16599728575825715,0.0003384017052556895,1.542820025186217,1.5053110208414624,4.509059618178226,0.004905183785611386,0.9518228772046329,0.28767230693873114,0.23250482437499495,0.014539637697726347,0.024524223628981674,0.407114467530941,0.0004807599423218874,1.5542777220030823,1.5069412914493447,4.523016863359065,0.00715302466605796,1.0592228590438837
151,2.1401608871909762e-06,1.368154440594753,0.4715719887115825,0.19035414873762288,0.11057848778840026,nan,nan,nan,nan,nan,nan,5,0.035831596239343545,0.0,5.334011363464701,0.6068096837225626,0.5592120700036692,0.017604543533975944,0.017280547195543852,0.6254905766206853,0.0008468562282343016,1.537294962870296,1.504623782841293,4.515804112601922,0.006962457989082244,0.7857493078223232,0.17028548265964996,0.14748599310448376,0.016752108688726147,0.014467975285110131,0.15916828132065775,0.00038964788127854744,1.542710454133231,1.5071053490187658,4.517193517180984,0.004659122059939503,0.9147776952108386,,,,,,,,,,,,,,,,,,,,,,,,,,,,,,,,,
152,2.1108049346437616e-06,1.3655262399552353,0.4714154938951578,0.1904238887665051,0.1103153071943518,nan,nan,nan,nan,nan,nan,5,0.03600872968970119,0.0,5.3315623313412575,0.6056301987148058,0.5580836040334063,0.017445559846577446,0.017291749592108843,0.6242078090646463,0.0008005343701405628,1.5380251009178882,1.5053343755145534,4.518981376565301,0.0069590560045298885,0.7867372354424385,0.17037924823792147,0.14726841880843208,0.016627134295698138,0.014608418519022101,0.15911135615900307,0.00041332963948780157,1.5427334256959977,1.5064314653093898,4.514226631272617,0.004717791592932229,0.9248961519179065,,,,,,,,,,,,,,,,,,,,,,,,,,,,,,,,,
153,2.084875936007805e-06,1.365860072019818,0.471286999402245,0.1907389028271104,0.11104792500690899,nan,nan,nan,nan,nan,nan,5,0.03603545040010674,0.0,5.326634181850066,0.6057698767163447,0.5581803792715231,0.01744127638912148,0.017269164322050376,0.6244418959223793,0.0007815472315246503,1.5382097324983839,1.5054997180328804,4.519826130885455,0.006955582488878191,0.7844989883223441,0.1706422140489406,0.14806603900996804,0.016312395913074373,0.014525726196196468,0.16001867406052828,0.00044088528442563665,1.5415035134152573,1.5062975612746925,4.513555074284493,0.004628033098684383,0.9099354829843764,,,,,,,,,,,,,,,,,,,,,,,,,,,,,,,,,
154,2.0623838874056636e-06,1.3693664899272868,0.47159620170198807,0.19088984081068816,0.11030430894184322,nan,nan,nan,nan,nan,nan,5,0.035856055539745635,0.0,5.328743197221046,0.6073366453087089,0.5593263508736437,0.017439099210331894,0.017358517220942195,0.6264548033709929,0.0008719255941284245,1.5371204992976761,1.5042062405038261,4.514024491922004,0.006965332766160097,0.7890731033630128,0.1708231907533218,0.14754330234124383,0.016266527786490924,0.014723303651789511,0.159802679226314,0.00047474009060306555,1.5417669575927238,1.5052918219272349,4.509079500748792,0.004745609416128276,0.9310662761658001,,,,,,,,,,,,,,,,,,,,,,,,,,,,,,,,,
155,2.0433374599502287e-06,1.3646616431753216,0.471611764691746,0.19073784876742925,0.11103362639919864,0.03450181927525017,0.01772449195864617,0.19838750753496973,0.11569908204100389,0.3323270719262048,0.1638386118763163,5,0.035937560622208466,0.0,5.330051821441709,0.6052830751659135,0.5578882919014527,0.017352470531181642,0.017338203384889277,0.6235971891954869,0.0008764025383979415,1.5373317034070193,1.5042868572099939,4.514467180530436,0.006997495501192767,0.7909862049478164,0.17071952742394758,0.14777904730361227,0.016409034935737303,0.014442812826622253,0.15909502935290748,0.0005048863515113267,1.541129731612354,1.5049642207603704,4.507610210448933,0.004710657625922166,0.9202758090558176,0.027945602179819742,0.020952047807222516,0.022369389444330517,0.03140654822630656,0.026053110269520795,0.0014382301289969919,1.5402684306387722,1.5369339960501371,4.65351721626018,0.000715861788269767,0.27005998011430926,0.1777417175106271,0.1539986129306508,0.0161207732700214,0.013583997229472362,0.1652906389395363,0.00045567781933715003,1.5411728010353305,1.5033657345597085,4.500314851266162,0.004910397755918641,0.9527866094597525,0.28708995658748354,0.23208189591038675,0.014332906486539683,0.024368125852478776,0.40493554737053916,0.0005822993945981544,1.5529072264633046,1.5052446184047195,4.515487532601256,0.007124010812938149,1.0606546835185229
156,2.027743996401848e-06,1.3666261212444726,0.47135151212693327,0.19100477873616298,0.11072832423211322,nan,nan,nan,nan,nan,nan,5,0.03593076442053506,0.0,5.337604334508438,0.60612895783419,0.5585757316037004,0.017554259069467313,0.017283765956090606,0.6246133768520399,0.0008630149031059678,1.5373118716519565,1.504576580556088,4.515762801505697,0.006941986772777829,0.7881124047767227,0.17086993554149812,0.14778834961128462,0.016511769206132447,0.014625661971191996,0.16013241124358651,0.0004139282883514097,1.5428953140114794,1.5066854308603799,4.515366834790025,0.004724385743803154,0.925794345360954,,,,,,,,,,,,,,,,,,,,,,,,,,,,,,,,,
157,2.0156095083375574e-06,1.3684291113021718,0.4730487603234703,0.19006888241683562,0.1104456260075507,nan,nan,nan,nan,nan,nan,5,0.03597211347512066,0.0,5.334477086449411,0.6067579154597028,0.5590103616737107,0.01755542115240736,0.01736052050177851,0.6272096480802932,0.0008707618750412405,1.5378143765831094,1.5045809951480882,4.515768159055706,0.007009818581400238,0.7943964332687027,0.169977920211535,0.14705239282353355,0.017050412052549802,0.014537700365688041,0.15897367262360323,0.00040265002979657287,1.542899476287881,1.5062978339511808,4.5135988311701025,0.004692351528922235,0.928127645545205,,,,,,,,,,,,,,,,,,,,,,,,,,,,,,,,,
158,2.0069386738334938e-06,1.3684411783942572,0.47196098065667175,0.19000252765549466,0.11047919522826054,nan,nan,nan,nan,nan,nan,5,0.035928788788277384,0.0,5.336409022562084,0.606886388307321,0.559011129578995,0.01771314847075226,0.017323052519293905,0.6258226187864366,0.0008818615239699518,1.5373283291042892,1.5041430343437927,4.5138211138719635,0.006976875841966751,0.7939268319628081,0.16997185796750416,0.14713980772312174,0.016647118923743726,0.01431399902856131,0.15897279608492723,0.00043568656658133216,1.5423579708908115,1.505941273462703,4.5119752134553295,0.004692790169142383,0.9260072328508734,,,,,,,,,,,,,,,,,,,,,,,,,,,,,,,,,
159,2.0017348356614164e-06,1.365029673132926,0.4715092645151826,0.1925419813584551,0.11169647202911391,nan,nan,nan,nan,nan,nan,5,0.0357516931367295,0.0,5.332194507089848,0.6054048573973011,0.5578669020113243,0.017633026558721954,0.017261921670649185,0.6241352114036709,0.0008733895336824391,1.5374621984555308,1.504307945062373,4.514515465330518,0.006972373316773579,0.7963037472189084,0.17233192848507797,0.1492027205149226,0.01622659952055644,0.014467620382959399,0.16119389716611487,0.00039939280084770335,1.5430277371831687,1.5068052059705117,4.515886801174737,0.004731135516971566,0.9264570655752815,,,,,,,,,,,,,,,,,,,,,,,,,,,,,,,,,
160,2e-06,1.36737323405823,0.47195557441438096,0.1910117103762533,0.11086806140252459,0.03440123916788887,0.01763832691183213,0.1986787836750554,0.11552955143781361,0.33513315911430913,0.16474757497237066,5,0.03583818443286622,0.0,5.334512507272814,0.6063553017642199,0.5587726170123988,0.017523476726583245,0.017270726799013914,0.6262773603706752,0.0008588799461340174,1.5375256354494506,1.5045618898147055,4.515536661347261,0.006967306623818779,0.7936200629221665,0.17090440647942678,0.14790150792201548,0.016607736313186974,0.014415172665945972,0.15970726637131438,0.00044499426459719977,1.5422552996152439,1.505539923524731,4.510153342656855,0.004712505500003989,0.9347895801872844,0.027834481412370958,0.020859955082341175,0.022454586979121286,0.031531480998201813,0.025984849619016568,0.0015234037128642828,1.5396970573702453,1.5364003925929526,4.6510069226063795,0.0007147745243955155,0.2721328902888609,0.17794138267232232,0.15413272292785235,0.016323675653665697,0.01354765459566636,0.16592606916348157,0.0003887896242228103,1.5423832139690528,1.5039969015032626,4.5031106837751755,0.0049123922656875325,0.9679224078607371,0.28925954476545535,0.2337917711812461,0.014453875518737166,0.024472150865204257,0.4109652157089913,0.0005275237675069683,1.5544508309214085,1.5060148408920229,4.518945284223165,0.0071474607560798094,1.0774670859375133
